"";"fishTest.0.01";"fishTest.0.02";"fishTest.0.03";"fishTest.0.04";"fishTest.0.05";"fishTest.0.07";"fishTest.0.09";"fishTest.0.11";"fishTest.0.13";"fishTest.0.15";"fishTest.0.2";"fishTest.0.25";"fishTest.0.3";"fishTest.0.35";"fishTest.0.4";"fishTest.0.45";"fishTest.0.5";"fishTest.0.55";"fishTest.0.6";"fishTest.0.65";"fishTest.0.7";"fishTest.0.75";"fishTest.0.8";"fishTest.0.85";"fishTest.0.9";"fishTest.0.95";"fishTestCompl.0.01";"fishTestCompl.0.02";"fishTestCompl.0.03";"fishTestCompl.0.04";"fishTestCompl.0.05";"fishTestCompl.0.07";"fishTestCompl.0.09";"fishTestCompl.0.11";"fishTestCompl.0.13";"fishTestCompl.0.15";"fishTestCompl.0.2";"fishTestCompl.0.25";"fishTestCompl.0.3";"fishTestCompl.0.35";"fishTestCompl.0.4";"fishTestCompl.0.45";"fishTestCompl.0.5";"fishTestCompl.0.55";"fishTestCompl.0.6";"fishTestCompl.0.65";"fishTestCompl.0.7";"fishTestCompl.0.75";"fishTestCompl.0.8";"fishTestCompl.0.85";"fishTestCompl.0.9";"fishTestCompl.0.95"
"1";0,33;0,598;0,781;0,922;0,977;1;1;1;1;1;1;1;1;1;1;1;1;1;1;1;1;1;1;1;1;1;0,028;0,013;0,004;0;0,001;0;0;0;0;0;0;0;0;0;0;0;0;0;0;0;0;0;0;0;0;1
"2";0,571;0,881;0,976;0,996;0,999;1;1;1;1;1;1;1;1;1;1;1;1;1;1;1;1;1;1;1;1;0;0,012;0,003;0;0;0;0;0;0;0;0;0;0;0;0;0;0;0;0;0;0;0;0;0;0;1;1
"3";0,512;0,825;0,959;0,99;0,997;1;1;1;1;1;1;1;1;1;1;1;1;1;1;1;1;1;1;1;0;0;0,016;0,003;0,001;0;0;0;0;0;0;0;0;0;0;0;0;0;0;0;0;0;0;0;0;0;1;1
"4";0,403;0,77;0,923;0,978;0,995;1;1;1;1;1;1;1;1;1;1;1;1;1;1;1;1;1;1;1;1;0;0,012;0,005;0;0;0;0;0;0;0;0;0;0;0;0;0;0;0;0;0;0;0;0;0;0;0;1
"5";0,221;0,34;0,457;0,503;0,592;0,677;0,801;0,849;0,903;0,929;0,961;0,984;0,995;0,996;0,999;1;1;1;1;1;1;1;1;1;1;0;0,053;0,03;0,019;0,017;0,014;0,007;0,003;0,001;0,001;0;0;0;0;0;0;0;0;0;0;0;0;0;0;0;1;1
"6";0,827;0,982;0,998;1;1;1;1;1;1;1;1;1;1;1;1;1;1;1;1;1;1;1;1;1;0;0;0,005;0;0;0;0;0;0;0;0;0;0;0;0;0;0;0;0;0;0;1;1;1;1;1;1;1
"7";0,215;0,379;0,51;0,644;0,741;0,872;0,937;0,972;0,99;0,994;0,999;1;1;1;1;1;1;1;1;1;1;1;1;1;1;1;0,054;0,029;0,032;0,006;0,009;0,002;0;0,001;0;0,001;0;0;0;0;0;0;0;0;0;0;0;0;0;0;0;1
"8";0,457;0,782;0,932;0,985;0,997;1;1;1;1;1;1;1;1;1;1;1;1;1;1;1;1;1;1;1;1;1;0,017;0,007;0,003;0;0;0;0;0;0;0;0;0;0;0;0;0;0;0;0;0;0;0;0;0;0;1
"9";0,907;1;1;1;1;1;1;1;1;1;1;1;1;1;1;1;1;1;1;1;1;1;1;1;0,995;0;0;0;0;0;0;0;0;0;0;0;0;0;0;0;0;0;0;0;0;1;1;1;1;1;1;1
"10";0,449;0,738;0,869;0,935;0,977;0,993;0,999;1;1;1;1;1;1;1;1;1;1;1;1;1;0;0;0;0;0;0;0,009;0;0;0;0;0;0;0;0;0;0;0;0;0;0;0;0;0;0;0;1;1;1;1;1;1
"11";0,146;0,177;0,238;0,299;0,332;0,454;0,531;0,614;0,722;0,785;0,906;0,968;0,991;0,999;0,999;1;1;1;1;1;1;1;1;1;1;1;0,065;0,057;0,034;0,031;0,024;0,004;0,005;0,003;0,003;0;0;0;0;0;0;0;0;0;0;0;0;0;0;0;0;0
"12";0,319;0,48;0,668;0,772;0,842;0,925;0,967;0,975;0,986;0,997;0,999;1;1;1;1;1;1;1;1;1;1;0;0;0;0;0;0,023;0,006;0,003;0,001;0;0;0;0;0;0;0;0;0;0;0;0;0;0;0;0;0;1;1;1;1;1
"13";0,154;0,226;0,284;0,352;0,376;0,465;0,541;0,568;0,653;0,698;0,761;0,831;0,88;0,905;0,941;0,958;0,975;0,992;0,991;0,998;1;1;1;1;1;0;0,077;0,067;0,049;0,029;0,029;0,03;0,017;0,01;0,002;0,005;0,001;0,002;0;0;0;0;0;0;0;0;0;0;0;0;0;1
"14";0,274;0,51;0,686;0,815;0,905;0,97;0,997;1;1;1;1;1;1;1;1;1;1;1;1;1;1;1;1;1;1;1;0,043;0,018;0,004;0,002;0;0;0;0;0;0;0;0;0;0;0;0;0;0;0;0;0;0;0;0;0;1
"15";0,316;0,61;0,774;0,91;0,96;0,998;1;1;1;1;1;1;1;1;1;1;1;1;1;1;1;1;1;1;1;1;0,036;0,009;0,004;0,002;0;0;0;0;0;0;0;0;0;0;0;0;0;0;0;0;0;0;0;0;0;1
"16";0,667;0,88;0,957;0,984;0,997;0,999;0,999;0,999;1;1;1;1;1;1;1;1;1;1;1;0;0;0;0;0;0;0;0,008;0,003;0;0,001;0;0;0;0;0;0;0;0;0;0;0;0;0;0;0;1;1;1;1;1;1;1
"17";0,62;0,846;0,95;0,973;0,996;0,999;0,999;1;1;1;1;1;1;1;1;1;1;1;1;1;1;1;0;0;0;0;0,013;0,003;0,001;0,001;0;0;0;0;0;0;0;0;0;0;0;0;0;0;0;1;1;1;1;1;1;1
"18";0,948;0,998;1;1;1;1;1;1;1;1;1;1;1;1;1;1;1;1;1;1;1;1;0,037;0;0;0;0;0;0;0;0;0;0;0;0;0;0;0;0;0;0;0;0;0;0;0;1;1;1;1;1;1
"19";0,275;0,452;0,661;0,749;0,851;0,939;0,985;0,991;0,999;0,999;1;1;1;1;1;1;1;1;1;1;1;1;1;1;1;0;0,048;0,028;0,012;0,003;0,005;0;0;0;0;0;0;0;0;0;0;0;0;0;0;0;0;0;0;0;0;1
"20";0,395;0,677;0,864;0,954;0,986;0,999;1;1;1;1;1;1;1;1;1;1;1;1;1;1;1;1;1;1;1;0;0,029;0,004;0,003;0,001;0,001;0;0;0;0;0;0;0;0;0;0;0;0;0;0;0;0;0;0;0;0;1
"21";0,654;0,88;0,953;0,988;0,988;0,998;1;1;1;1;1;1;1;1;1;1;1;1;1;0;0;0;0;0;0;0;0,01;0,004;0;0;0;0;0;0;0;0;0;0;0;0;0;0;0;0;1;1;1;1;1;1;1;1
"22";0,42;0,685;0,84;0,942;0,974;0,993;0,999;1;1;1;1;1;1;1;1;1;1;1;1;1;1;1;1;1;0;0;0,023;0,01;0,003;0,003;0;0;0;0;0;0;0;0;0;0;0;0;0;0;0;0;0;0;0;0;1;1
"23";0,715;0,865;0,915;0,957;0,975;0,991;1;1;1;1;1;1;1;0;0;0;0;0;0;0;0;0;0;0;0;0;0;0;0;0;0;0;0;0;0;0;0;0;0;1;1;1;1;1;1;1;1;1;1;1;1;1
"24";0,556;0,865;0,959;0,996;0,996;1;1;1;1;1;1;1;1;1;1;1;1;1;1;1;1;1;1;1;1;1;0,01;0,002;0,001;0,002;0;0;0;0;0;0;0;0;0;0;0;0;0;0;0;0;0;0;0;1;1;1
"25";0,273;0,486;0,663;0,774;0,877;0,965;0,988;0,998;0,999;1;1;1;1;1;1;1;1;1;1;1;1;1;1;1;1;1;0,034;0,012;0,01;0,006;0,001;0;0;0;0;0;0;0;0;0;0;0;0;0;0;0;0;0;0;0;0;1
"26";0,309;0,459;0,626;0,743;0,833;0,919;0,966;0,979;0,993;0,999;1;1;1;1;1;1;1;1;1;1;1;1;1;1;0;0;0,044;0,025;0,014;0,005;0,004;0,002;0;0;0;0;0;0;0;0;0;0;0;0;0;0;0;0;0;0;1;1
"27";0,105;0,089;0,127;0,122;0,14;0,143;0,144;0,157;0,152;0,191;0,243;0,281;0,303;0,364;0,438;0,533;0,604;0,702;0,771;0,873;0,932;0,977;0,994;0,999;1;1;0,099;0,091;0,095;0,1;0,082;0,067;0,065;0,066;0,065;0,063;0,049;0,029;0,032;0,025;0,018;0,011;0,006;0,003;0,004;0,003;0;0,001;0;0;0;0
"28";0,635;0,936;0,994;0,999;1;1;1;1;1;1;1;1;1;1;1;1;1;1;1;1;1;1;1;1;1;0,001;0,009;0;0;0;0;0;0;0;0;0;0;0;0;0;0;0;0;0;0;0;0;0;0;0;1;1
"29";0,536;0,78;0,858;0,915;0,959;0,986;0,995;0,994;0,997;0,999;1;1;1;1;1;1;1;1;1;0;0;0;0;0;0;0;0,02;0,005;0,001;0;0,001;0;0;0;0;0;0;0;0;0;0;0;0;0;0;1;1;1;1;1;1;1
"30";0,911;0,999;1;1;1;1;1;1;1;1;1;1;1;1;1;1;1;1;1;1;1;1;1;1;1;0;0,002;0;0;0;0;0;0;0;0;0;0;0;0;0;0;0;0;0;0;1;1;1;1;1;1;1
"31";0,543;0,861;0,978;0,994;1;1;1;1;1;1;1;1;1;1;1;1;1;1;1;1;1;1;1;1;0,01;0;0,016;0,001;0,002;0;0;0;0;0;0;0;0;0;0;0;0;0;0;0;0;0;0;0;0;0;1;1
"32";0,544;0,877;0,976;0,998;0,999;1;1;1;1;1;1;1;1;1;1;1;1;1;1;1;1;1;0,7;0,001;0,003;0;0,005;0;0;0;0;0;0;0;0;0;0;0;0;0;0;0;0;0;0;0;1;1;1;1;1;1
"33";0,724;0,948;0,996;1;1;1;1;1;1;1;1;1;1;1;1;1;1;1;1;1;1;1;1;0;0;0;0,01;0;0;0;0;0;0;0;0;0;0;0;0;0;0;0;0;0;0;0;0;1;1;1;1;1
"34";0,745;0,961;0,994;0,999;1;1;1;1;1;1;1;1;1;1;1;1;1;1;1;1;1;1;1;1;0;0;0,009;0,001;0;0;0;0;0;0;0;0;0;0;0;0;0;0;0;0;0;0;1;1;1;1;1;1
"35";0,274;0,512;0,631;0,747;0,833;0,925;0,961;0,988;0,99;0,996;1;1;1;1;1;1;1;1;1;1;1;1;1;1;0;0;0,06;0,016;0,006;0,005;0,005;0,003;0;0;0,001;0;0;0;0;0;0;0;0;0;0;0;0;0;0;0;1;1
"36";0,16;0,205;0,266;0,383;0,408;0,559;0,728;0,821;0,882;0,927;0,984;0,998;1;1;1;1;1;1;1;1;1;1;1;1;1;1;0,083;0,056;0,035;0,04;0,02;0,015;0,008;0,002;0,001;0;0;0;0;0;0;0;0;0;0;0;0;0;0;0;0;0
"37";0,22;0,397;0,518;0,629;0,75;0,888;0,949;0,973;0,987;0,993;1;1;1;1;1;1;1;1;1;1;1;1;1;1;1;0;0,072;0,042;0,02;0,01;0,002;0,002;0,002;0;0;0;0;0;0;0;0;0;0;0;0;0;0;0;0;0;0;1
"38";0,61;0,874;0,964;0,986;0,995;1;1;1;1;1;1;1;1;1;1;1;1;1;1;1;1;0;0;0;0;0;0,007;0,003;0,001;0;0;0;0;0;0;0;0;0;0;0;0;0;0;0;0;0;0;1;1;1;1;1
"39";0,26;0,407;0,556;0,684;0,824;0,916;0,971;0,989;0,997;0,996;0,999;0,999;1;1;1;1;1;1;1;1;1;1;1;1;1;0;0,044;0,017;0,01;0,006;0,002;0,001;0,001;0;0;0;0;0;0;0;0;0;0;0;0;0;0;0;0;0;0;1
"40";0,289;0,471;0,658;0,754;0,834;0,933;0,974;0,991;0,999;0,999;1;1;1;1;1;1;1;1;1;1;1;1;1;1;1;0,916;0,054;0,023;0,012;0,002;0,004;0,001;0;0;0;0;0;0;0;0;0;0;0;0;0;0;0;0;0;0;0;1
"41";0,371;0,633;0,847;0,948;0,979;0,998;1;1;1;1;1;1;1;1;1;1;1;1;1;1;1;1;1;1;1;0;0,028;0,004;0,001;0,001;0;0;0;0;0;0;0;0;0;0;0;0;0;0;0;0;0;0;0;0;0;1
"42";0,739;0,968;1;1;1;1;1;1;1;1;1;1;1;1;1;1;1;1;1;1;1;1;1;1;1;1;0,008;0,002;0;0;0;0;0;0;0;0;0;0;0;0;0;1;1;1;1;1;1;1;1;1;1;1
"43";0,28;0,425;0,583;0,681;0,736;0,882;0,934;0,957;0,982;0,988;1;1;1;1;1;1;1;1;1;1;1;1;1;1;1;1;0,051;0,023;0,012;0,01;0,007;0,008;0,002;0,002;0;0,001;0,001;0;0;0;0;0;0;0;0;0;0;0;1;1;1;1
"44";0,412;0,77;0,908;0,977;0,998;1;1;1;1;1;1;1;1;1;1;1;1;1;1;1;1;1;1;1;1;1;0,021;0,006;0;0;0;0;0;0;0;0;0;0;0;0;0;0;0;0;0;0;0;0;0;0,002;1;1
"45";0,187;0,265;0,377;0,476;0,554;0,678;0,784;0,846;0,929;0,942;0,982;0,995;0,998;1;0,999;1;1;1;1;1;1;1;1;1;1;1;0,071;0,044;0,028;0,025;0,016;0,008;0,005;0,003;0,003;0,002;0,001;0;0;0;0;0;0;0;0;0;0;0;0;0;0;1
"46";0,158;0,258;0,32;0,422;0,513;0,693;0,789;0,871;0,945;0,968;0,994;1;1;1;1;1;1;1;1;1;1;1;1;1;1;1;0,07;0,053;0,043;0,033;0,013;0,004;0,005;0,004;0,002;0;0;0;0;0;0;0;0;0;0;0;0;0;0;0;0;1
"47";0,49;0,748;0,879;0,958;0,976;0,994;1;1;1;1;1;1;1;1;1;1;1;1;1;1;1;1;1;0;0;0;0,021;0,003;0,002;0;0,001;0;0;0;0;0;0;0;0;0;0;0;0;0;0;0;0;0;1;1;1;1
"48";0,278;0,452;0,569;0,659;0,756;0,855;0,926;0,953;0,978;0,989;0,997;0,999;1;1;1;1;1;1;1;1;1;1;1;1;1;0;0,05;0,035;0,012;0,006;0,006;0,003;0;0;0;0;0;0;0;0;0;0;0;0;0;0;0;0;0;1;1;1
"49";0,316;0,543;0,734;0,836;0,912;0,982;0,995;0,999;1;1;1;1;1;1;1;1;1;1;1;1;1;1;1;1;1;0;0,031;0,017;0,007;0,002;0;0;0;0;0;0;0;0;0;0;0;0;0;0;0;0;0;0;0;0;1;1
"50";0,398;0,572;0,677;0,751;0,793;0,853;0,918;0,922;0,964;0,971;0,989;0,995;1;1;1;1;1;1;1;0;0;0;0;0;0;0;0,03;0,011;0,007;0;0;0;0;0;0;0;0;0;0;0;0;0;0;0;0;1;1;1;1;1;1;1
"51";0,135;0,201;0,231;0,271;0,293;0,398;0,422;0,491;0,55;0,611;0,641;0,774;0,847;0,848;0,91;0,916;0,953;0,968;0,986;0,993;0,998;0,999;1;1;1;1;0,085;0,077;0,051;0,051;0,037;0,034;0,018;0,013;0,006;0,007;0,003;0,003;0,001;0;0;0;0;0;0;0;0;0;0;0;0;0
"52";0,347;0,539;0,651;0,762;0,829;0,9;0,954;0,97;0,984;0,991;0,999;0,999;1;1;1;1;1;1;1;1;1;1;0;0;0;0;0,035;0,012;0,009;0,002;0,003;0;0;0;0;0;0;0;0;0;0;0;0;0;0;0;0;0;1;1;1;1
"53";0,763;0,942;0,992;0,993;1;1;1;1;1;1;1;1;1;1;1;1;1;1;1;0,983;0,999;1;0,047;0,081;0,146;0;0,004;0;0;0;0;0;0;0;0;0;0;0;0;0;0;0;0;0;0;1;1;1;1;1;1;1
"54";0,192;0,293;0,378;0,499;0,567;0,696;0,833;0,874;0,908;0,964;0,986;0,996;0,998;1;1;1;1;1;1;1;1;1;1;1;1;1;0,06;0,037;0,025;0,018;0,004;0,006;0,004;0,004;0,001;0;0;0;0;0;0;0;0;0;0;0;0;0;0;0;1;1
"55";0,541;0,857;0,972;0,996;1;1;1;1;1;1;1;1;1;1;1;1;1;1;1;1;1;1;1;1;1;0;0,021;0,002;0;0;0;0;0;0;0;0;0;0;0;0;0;0;0;0;0;0;0;0;0;1;1;1
"56";0,285;0,39;0,5;0,557;0,61;0,721;0,774;0,803;0,86;0,887;0,932;0,952;0,978;0,985;0,991;0,999;1;1;1;1;1;1;1;0;0;0;0,039;0,028;0,014;0,013;0,004;0,004;0,001;0;0;0;0;0;0;0;0;0;0;0;0;0;0;0;0;1;1;1
"57";0,735;0,9;0,974;0,985;0,993;1;1;1;1;1;1;1;1;1;1;0;0;0;0;0;0;0;0;0;0;0;0,004;0;0;0;0;0;0;0;0;0;0;0;0;0;0;1;1;1;1;1;1;1;1;1;1;1
"58";0,238;0,33;0,363;0,468;0,528;0,582;0,652;0,723;0,776;0,787;0,873;0,909;0,953;0,957;0,978;0,987;0,997;0,998;1;1;1;1;1;1;0;0;0,06;0,04;0,032;0,017;0,014;0,009;0,003;0,002;0,001;0,002;0;0;0;0;0;0;0;0;0;0;0;0;0;0;1;1
"59";0,561;0,889;0,981;0,994;1;1;1;1;1;1;1;1;1;1;1;1;1;1;1;1;1;1;1;1;1;0;0,015;0;0;0;0;0;0;0;0;0;0;0;0;0;0;0;0;0;0;0;0;0;0;0;0,751;1
"60";0,717;0,936;0,991;0,996;1;1;1;1;1;1;1;1;1;1;1;1;1;1;1;1;1;1;1;0;0;0;0,003;0;0;0;0;0;0;0;0;0;0;0;0;0;0;0;0;0;0;1;1;1;1;1;1;1
"61";0,47;0,732;0,854;0,925;0,962;0,987;0,996;0,999;1;1;1;1;1;1;1;1;1;1;1;1;1;1;0,960106382978723;0;0;0;0,024;0,006;0,001;0,001;0;0;0;0;0;0;0;0;0;0;0;0;0;0;0;0;1;1;1;1;1;1
"62";0,488;0,707;0,848;0,919;0,963;0,987;0,995;1;0,999;1;1;1;1;1;1;1;1;1;1;1;1;0;0;0;0;0;0,018;0,009;0,005;0,001;0,002;0;0;0;0;0;0;0;0;0;0;0;0;0;0;0;0;1;1;1;1;1
"63";0,416;0,726;0,885;0,962;0,982;0,997;1;0,999;1;1;1;1;1;1;1;1;1;1;1;1;1;1;1;1;0;0;0,015;0,005;0;0;0;0;0;0;0;0;0;0;0;0;0;0;0;0;0;0;0;0;0;1;1;1
"64";NA;NA;NA;NA;NA;NA;NA;NA;NA;NA;NA;NA;NA;NA;NA;NA;NA;NA;NA;NA;NA;NA;NA;NA;NA;NA;NA;NA;NA;NA;NA;NA;NA;NA;NA;NA;NA;NA;NA;NA;NA;NA;NA;NA;NA;NA;NA;NA;NA;NA;NA;NA
"65";0,174;0,278;0,394;0,456;0,522;0,625;0,742;0,803;0,829;0,88;0,938;0,963;0,99;0,998;0,996;1;1;1;1;1;1;1;0;0;0;0;0,05;0,024;0,009;0,003;0,002;0;0;0;0;0;0;0;0;0;0;0;0;0;0;0;0;0;1;1;1;1
"66";0,698;0,94;0,984;1;1;1;1;1;1;1;1;1;1;1;1;1;1;1;1;1;1;1;1;0;0;0;0,004;0,002;0;0;0;0;0;0;0;0;0;0;0;0;0;0;0;0;0;0;0;0;0;1;1;1
"67";NA;NA;NA;NA;NA;NA;NA;NA;NA;NA;NA;NA;NA;NA;NA;NA;NA;NA;NA;NA;NA;NA;NA;NA;NA;NA;NA;NA;NA;NA;NA;NA;NA;NA;NA;NA;NA;NA;NA;NA;NA;NA;NA;NA;NA;NA;NA;NA;NA;NA;NA;NA
"68";0,172;0,244;0,352;0,413;0,519;0,671;0,754;0,862;0,897;0,935;0,984;0,997;1;1;1;1;1;1;1;1;1;1;1;1;1;1;0,067;0,031;0,032;0,025;0,008;0,004;0,001;0,002;0;0;0;0;0;0;0;0;0;0;0;0;0;0;0;0;0;1
"69";0,704;0,881;0,958;0,975;0,992;1;1;1;1;1;1;1;1;1;1;1;1;0;0;0;0;0;0;0;0;0;0,005;0,001;0;0,001;0;0;0;0;0;0;0;0;0;0;0;0;1;1;1;1;1;1;1;1;1;1
"70";0,364;0,653;0,824;0,923;0,97;0,996;1;1;1;1;1;1;1;1;1;1;1;1;1;1;1;1;1;1;1;1;0,038;0,013;0,002;0;0;0;0;0;0;0;0;0;0;0;0;0;0;0;0;0;0;0;0;0;0;1
"71";0,312;0,587;0,779;0,893;0,956;0,993;1;1;1;1;1;1;1;1;1;1;1;1;1;1;1;1;1;1;1;1;0,036;0,011;0,005;0,001;0,002;0;0;0;0;0;0;0;0;0;0;0;0;0;0;0;0;0;0;0;0;0
"72";0,259;0,409;0,589;0,695;0,799;0,921;0,964;0,986;0,996;0,998;1;0,999;1;1;1;1;1;1;1;1;1;1;1;1;1;0;0,051;0,018;0,015;0,006;0,005;0,001;0;0,001;0;0;0;0;0;0;0;0;0;0;0;0;0;0;0;0;0;1
"73";0,655;0,915;0,985;1;1;1;1;1;1;1;1;1;1;1;1;1;1;1;1;1;1;1;1;1;1;1;0,008;0,001;0;0;0;0;0;0;0;0;0;0;0;0;0;0;0;0;0;0;1;1;1;1;1;1
"74";0,46;0,741;0,903;0,977;0,997;1;1;1;1;1;1;1;1;1;1;1;1;1;1;1;1;1;1;1;1;1;0,026;0,008;0,003;0;0;0;0;0;0;0;0;0;0;0;0;0;0;0;0;0;0;0;0;0;1;1
"75";0,388;0,71;0,921;0,978;0,994;1;1;1;1;1;1;1;1;1;1;1;1;1;1;1;1;1;1;1;1;1;0,028;0,004;0,001;0;0;0;0;0;0;0;0;0;0;0;0;0;0;0;0;0;0;0;0;1;1;1
"76";0,644;0,863;0,945;0,974;0,988;0,999;0,997;1;1;1;1;1;1;1;1;1;1;0;0;0;0;0;0;0;0;0;0,004;0;0;0;0;0;0;0;0;0;0;0;0;0;0;0;0;1;1;1;1;1;1;1;1;1
"77";0,515;0,887;0,967;0,996;1;1;1;1;1;1;1;1;1;1;1;1;1;1;1;1;1;1;1;1;1;1;0,017;0,004;0;0;0;0;0;0;0;0;0;0;0;0;0;0;0;0;0;0;0;0;0;0;1;1
"78";0,355;0,636;0,821;0,918;0,97;0,999;1;1;1;1;1;1;1;1;1;1;1;1;1;1;1;1;1;1;1;0,994;0,034;0,009;0,004;0;0;0;0;0;0;0;0;0;0;0;0;0;0;0;0;0;0;0;0;0;1;1
"79";0,321;0,564;0,762;0,884;0,941;0,989;0,996;0,999;1;1;1;1;1;1;1;1;1;1;1;1;1;1;1;1;1;1;0,039;0,011;0,003;0,003;0;0;0;0;0;0;0;0;0;0;0;0;0;0;0;0;0;0;0;1;1;1
"80";0,77;0,99;1;1;1;1;1;1;1;1;1;1;1;1;1;1;1;1;1;1;1;1;1;1;1;1;0,001;0;0;0;0;0;0;0;0;0;0;0;0;0;0;0;0;0;0;0;0;0;1;1;1;1
"81";0,848;0,998;1;1;1;1;1;1;1;1;1;1;1;1;1;1;1;1;1;1;1;1;1;1;1;0;0,005;0;0;0;0;0;0;0;0;0;0;0;0;0;0;0;0;0;0;0;0;0;0;0;1;1
"82";0,405;0,549;0,703;0,794;0,843;0,929;0,951;0,974;0,985;0,992;1;0,999;1;1;1;1;1;1;1;1;1;1;1;0;0;0;0,03;0,013;0,01;0,002;0,003;0,002;0;0;0;0;0;0;0;0;0;0;0;0;0;0;1;1;1;1;1;1
"83";0,942;1;1;1;1;1;1;1;1;1;1;1;1;1;1;1;1;1;1;1;1;1;1;1;1;0;0;0;0;0;0;0;0;0;0;0;0;0;0;0;0;0;0;0;0;0;0;0;0;1;1;1
"84";0,776;0,99;1;1;1;1;1;1;1;1;1;1;1;1;1;1;1;1;1;1;1;1;1;1;1;0,012;0,005;0;0;0;0;0;0;0;0;0;0;0;0;0;0;0;0;0;0;0;0;0;0;1;1;1
"85";0,157;0,183;0,232;0,312;0,376;0,495;0,605;0,721;0,78;0,868;0,966;0,995;0,999;1;1;1;1;1;1;1;1;1;1;1;1;1;0,065;0,045;0,04;0,026;0,017;0,008;0,006;0,002;0,002;0,002;0;0;0;0;0;0;0;0;0;0;0;0;0;0;0;1
"86";0,608;0,905;0,995;1;1;1;1;1;1;1;1;1;1;1;1;1;1;1;1;1;1;1;1;1;1;1;0,014;0;0;0;0;0;0;0;0;0;0;0;0;0;0;0;0;0;0;0;0;0;0;0;0;1
"87";0,601;0,91;0,994;0,999;1;1;1;1;1;1;1;1;1;1;1;1;1;1;1;1;1;1;1;1;1;0;0,007;0,002;0;0;0;0;0;0;0;0;0;0;0;0;0;0;0;0;0;0;0;0;1;1;1;1
"88";0,887;0,997;1;1;1;1;1;1;1;1;1;1;1;1;1;1;1;1;1;1;1;1;1;1;1;0;0,001;0;0;0;0;0;0;0;0;0;0;0;0;0;0;0;0;0;0;0;0;0;0;1;1;1
"89";0,676;0,908;0,986;0,996;1;1;1;1;1;1;1;1;1;1;1;1;1;1;1;1;1;1;0,989;0;0;0;0,008;0,001;0;0;0;0;0;0;0;0;0;0;0;0;0;0;0;0;0;1;1;1;1;1;1;1
"90";1;1;1;1;1;1;1;1;1;1;1;1;1;1;1;1;1;1;1;1;1;1;1;0,3;0;0;0;0;0;0;0;0;0;0;0;0;0;1;1;1;1;1;1;1;1;1;1;1;1;1;1;1
"91";0,235;0,36;0,491;0,573;0,687;0,819;0,897;0,943;0,967;0,989;0,994;0,999;1;1;1;1;1;1;1;1;1;1;1;1;1;1;0,053;0,041;0,017;0,007;0,007;0,002;0,003;0;0,001;0;0;0;0;0;0;0;0;0;0;0;0;0;0;0;0;1
"92";0,285;0,478;0,672;0,827;0,9;0,968;0,995;0,999;1;1;1;1;1;1;1;1;1;1;1;1;1;1;1;1;1;1;0,033;0,017;0,007;0,005;0,002;0;0;0;0;0;0;0;0;0;0;0;0;0;0;0;0;0;0;0;0;1
"93";0,205;0,324;0,492;0,598;0,719;0,868;0,958;0,989;0,992;0,998;1;1;1;1;1;1;1;1;1;1;1;1;1;1;1;1;0,082;0,037;0,016;0,008;0,009;0,001;0,001;0;0;0;0;0;0;0;0;0;0;0;0;0;0;0;0;0;0;0
"94";0,519;0,85;0,967;0,993;0,999;1;1;1;1;1;1;1;1;1;1;1;1;1;1;1;1;1;1;1;1;0,001;0,02;0,003;0;0;0;0;0;0;0;0;0;0;0;0;0;0;0;0;0;0;0;0;0;1;1;1
"95";0,891;0,979;0,998;1;1;1;1;1;1;0;0;0;0;0;0;0;0;0;0;0;0;0;0;0;0;0;0;0;0;0;0;0;0;0;0;1;1;1;1;1;1;1;1;1;1;1;1;1;1;1;1;1
"96";0,33;0,537;0,753;0,86;0,927;0,98;0,992;0,999;1;1;1;1;1;1;1;1;1;1;1;1;1;1;1;1;1;0;0,04;0,016;0,009;0,004;0,001;0,001;0;0;0;0;0;0;0;0;0;0;0;0;0;0;1;1;1;1;1;1
"97";0,438;0,773;0,926;0,977;0,997;1;1;1;1;1;1;1;1;1;1;1;1;1;1;1;1;1;1;1;1;0;0,026;0,004;0,001;0;0;0;0;0;0;0;0;0;0;0;0;0;0;0;0;0;0;0;0;0;0;1
"98";0,37;0,637;0,804;0,913;0,948;0,99;0,999;0,999;1;1;1;1;1;1;1;1;1;1;1;1;1;1;1;1;1;1;0,03;0,005;0,003;0,001;0,001;0;0;0;0;0;0;0;0;0;0;0;0;0;0;0;0;0;0;1;1;1
"99";0,641;0,953;0,998;1;1;1;1;1;1;1;1;1;1;1;1;1;1;1;1;1;1;1;1;1;1;1;0,01;0,001;0;0;0;0;0;0;0;0;0;0;0;0;0;0;0;0;0;0;0;0;0;1;1;1
"100";0,54;0,891;0,963;0,997;1;1;1;1;1;1;1;1;1;1;1;1;1;1;1;1;1;1;1;0,898;0;0;0,005;0;0;0;0;0;0;0;0;0;0;0;0;0;0;0;0;0;0;0;0;1;1;1;1;1
"101";1;1;1;1;1;1;1;1;1;1;1;1;1;1;1;1;1;1;1;1;0;0;0;0;0;0;0;0;0;0;0;0;0;0;0;0;0;0;0;0;0;0;0;0;0;1;1;1;1;1;1;1
"102";0,999;1;1;1;1;1;1;1;1;1;1;1;1;1;1;1;0,999;1;1;1;1;0,001;0,008;0;0;0;0;0;0;0;0;0;0;0;0;1;1;1;1;1;1;1;1;1;1;1;1;1;1;1;1;1
"103";1;1;1;1;1;1;1;1;1;1;1;1;1;1;1;1;1;1;1;1;1;1;1;1;1;1;0;0;0;0;0;0;0;0;0;0;0;0;0;1;1;1;1;1;1;1;1;1;1;1;1;1
"104";0,787;0,974;0,998;1;1;1;1;1;1;1;1;1;1;1;1;1;1;1;1;1;1;1;1;1;1;1;0,006;0,002;0;0;0;0;0;0;0;0;0;0;0;0;0;0;0;0;0;1;1;1;1;1;1;1
"105";1;1;1;1;1;1;1;1;1;1;1;1;0,915;0,975;0,994;0,998;1;1;1;1;1;1;1;1;1;0,779;0,001;0;0;0;0;0;0;0;0;0;0;0;1;1;1;1;1;1;1;1;1;1;1;1;1;1
"106";0,246;0,44;0,625;0,726;0,832;0,938;0,979;0,99;0,998;0,998;1;1;1;1;1;1;1;1;1;1;1;1;1;1;1;1;0,048;0,016;0,014;0,011;0,003;0,001;0;0;0;0;0;0;0;0;0;0;0;0;0;0;0;0;0;0;0;1
"107";0,388;0,581;0,653;0,712;0,767;0,847;0,906;0,925;0,951;0,96;0,984;0,993;1;1;1;1;1;1;1;0;0;0;0;0;0;0;0,043;0,007;0,002;0,001;0;0;0;0;0;0;0;0;0;0;0;0;0;0;0;1;1;1;1;1;1;1
"108";0,999;1;1;1;1;1;1;1;1;1;1;1;1;1;1;1;1;1;1;1;1;1;1;1;0;0;0;0;0;0;0;0;0;0;0;0;0;1;1;1;1;1;1;1;1;1;1;1;1;1;1;1
"109";0,185;0,249;0,336;0,374;0,43;0,534;0,622;0,683;0,72;0,756;0,856;0,886;0,924;0,952;0,963;0,981;0,984;0,991;1;1;1;1;1;1;0;0;0,053;0,04;0,034;0,013;0,01;0,005;0,002;0,001;0;0,001;0;0;0;0;0;0;0;0;0;0;0;0;0;0;1;1
"110";0,486;0,756;0,92;0,971;0,989;0,998;1;1;1;1;1;1;1;1;1;1;1;1;1;1;1;1;1;1;0;0;0,017;0,006;0,001;0,001;0;0;0;0;0;0;0;0;0;0;0;0;0;0;0;0;0;0;0;1;1;1
"111";0,913;1;1;1;1;1;1;1;1;1;1;1;1;1;1;1;1;1;1;1;1;1;1;1;1;0;0,002;0;0;0;0;0;0;0;0;0;0;0;0;0;0;0;0;0;0;0;0;0;1;1;1;1
"112";0,706;0,97;0,995;1;1;1;1;1;1;1;1;1;1;1;1;1;1;1;1;1;1;1;1;1;0,991;0;0,006;0;0;0;0;0;0;0;0;0;0;0;0;0;0;0;0;0;0;0;0;0;0;0;1;1
"113";1;1;1;1;1;1;1;1;1;1;1;1;1;1;1;1;1;1;0,009;0;0;0;0;0;0;0;0;0;0;0;0;0;0;0;0;0;0;0;0;0;1;1;1;1;1;1;1;1;1;1;1;1
"114";0,745;0,959;0,995;0,999;0,999;1;1;1;1;1;1;1;1;1;1;1;1;1;1;1;1;1;1;1;1;1;0,007;0,001;0,001;0,001;0;0;0;0;0;0;0;0;0;0;0;0;0;0;1;1;1;1;1;1;1;1
"115";0,688;0,931;0,988;0,997;1;1;1;1;1;1;1;1;1;1;1;1;1;1;1;1;1;1;0;0;0;0;0,011;0;0;0;0;0;0;0;0;0;0;0;0;0;0;0;0;0;0;0;1;1;1;1;1;1
"116";0,692;0,95;0,984;1;0,999;1;1;1;1;1;1;1;1;1;1;1;1;1;1;1;1;1;1;1;0;0;0,005;0,001;0;0;0;0;0;0;0;0;0;0;0;0;0;0;0;0;0;0;0;0;1;1;1;1
"117";0,374;0,669;0,846;0,933;0,977;1;0,999;1;1;1;1;1;1;1;1;1;1;1;1;1;1;1;1;1;1;1;0,026;0,009;0,004;0;0,001;0;0;0;0;0;0;0;0;0;0;0;0;0;0;0;0;0;0;0;1;1
"118";0,431;0,752;0,889;0,968;0,994;1;1;1;1;1;1;1;1;1;1;1;1;1;1;1;1;1;1;1;0,265;0;0,025;0,001;0,001;0;0;0;0;0;0;0;0;0;0;0;0;0;0;0;0;0;0;0;0;0;1;1
"119";0,564;0,932;0,99;1;1;1;1;1;1;1;1;1;1;1;1;1;1;1;1;1;1;1;1;1;1;1;0,008;0;0;0;0;0;0;0;0;0;0;0;0;0;0;0;0;0;0;0;0;0;0;1;1;1
"120";0,707;0,957;0,996;1;0,999;1;1;1;1;1;1;1;1;1;1;1;1;1;1;1;1;1;1;1;0,014;0,166;0,008;0;0;0;0;0;0;0;0;0;0;0;0;0;0;0;0;0;0;0;0;0;0;0;1;1
"121";0,853;0,993;1;1;1;1;1;1;1;1;1;1;1;1;1;1;1;1;1;1;1;1;1;1;1;1;0,004;0;0;0;0;0;0;0;0;0;0;0;0;0;0;0;0;0;0;0;0;0;1;1;1;1
"122";0,241;0,412;0,575;0,68;0,75;0,891;0,95;0,976;0,992;0,996;0,998;1;1;1;1;1;1;1;1;1;1;1;1;1;1;1;0,048;0,029;0,014;0,007;0,003;0,003;0,002;0,002;0,001;0;0;0;0;0;0;0;0;0;0;0;0;0;0;0;1;1
"123";0,285;0,402;0,525;0,566;0,647;0,758;0,801;0,849;0,868;0,898;0,953;0,972;0,979;0,992;1;1;1;1;1;1;1;1;0;0;0;0;0,049;0,024;0,012;0,006;0,006;0;0;0;0,002;0;0;0;0;0;0;0;0;0;0;0;0;0;1;1;1;1
"124";0,997;1;1;1;1;1;1;1;1;1;1;1;1;1;1;1;1;1;1;1;1;1;1;1;1;0;0;0;0;0;0;0;0;0;0;0;0;0;0;0;0;0;0;0;0;0;1;1;1;1;1;1
"125";0,52;0,795;0,963;0,993;0,999;1;1;1;1;1;1;1;1;1;1;1;1;1;1;1;1;1;1;1;1;1;0,024;0,003;0,001;0;0;0;0;0;0;0;0;0;0;0;0;0;0;0;0;0;0;0;0;0;1;1
"126";0,454;0,693;0,87;0,941;0,987;0,996;0,999;1;1;1;1;1;1;1;1;1;1;1;1;1;1;1;1;1;0,932;1;0,032;0,005;0,001;0,002;0;0;0;0;0;0;0;0;0;0;0;0;0;0;0;0;0;0;0;1;1;1
"127";0,243;0,415;0,597;0,745;0,852;0,956;0,991;0,998;1;1;1;1;1;1;1;1;1;1;1;1;1;1;1;1;1;1;0,055;0,032;0,013;0,003;0,003;0,003;0;0;0;0;0;0;0;0;0;0;0;0;0;0;0;0;0;0;0;1
"128";0,809;0,992;1;1;1;1;1;1;1;1;1;1;1;1;1;1;1;1;1;1;1;1;1;1;1;0;0,002;0;0;0;0;0;0;0;0;0;0;0;0;0;0;0;0;0;0;0;0;0;0;0;1;1
"129";0,329;0,525;0,65;0,735;0,817;0,889;0,941;0,966;0,98;0,99;0,997;0,998;1;1;1;1;1;1;1;1;1;1;0;0;0;0;0,035;0,016;0,007;0,004;0,003;0,003;0;0;0;0;0;0;0;0;0;0;0;0;0;0;0;0;1;1;1;1
"130";0,569;0,918;0,994;0,999;1;1;1;1;1;1;1;1;1;1;1;1;1;1;1;1;1;1;1;1;1;1;0,011;0,002;0;0;0;0;0;0;0;0;0;0;0;0;0;0;0;0;0;0;0;0;0;0;1;1
"131";0,472;0,805;0,953;0,992;0,999;1;1;1;1;1;1;1;1;1;1;1;1;1;1;1;1;1;1;1;1;0;0,019;0,007;0,001;0;0;0;0;0;0;0;0;0;0;0;0;0;0;0;0;0;0;0;1;1;1;1
"132";0,31;0,526;0,728;0,869;0,935;0,985;0,998;1;1;1;1;1;1;1;1;1;1;1;1;1;1;1;1;1;1;1;0,04;0,006;0,003;0;0;0;0;0;0;0;0;0;0;0;0;0;0;0;0;0;0;0;0;0;1;1
"133";0,989;1;1;1;1;1;1;1;1;1;1;1;1;1;1;1;1;1;1;1;1;1;1;1;1;0,848;0,003;0;0;0;0;0;0;0;0;0;0;0;1;1;1;1;1;1;1;1;1;1;1;1;1;1
"134";0,209;0,332;0,477;0,572;0,72;0,878;0,948;0,983;0,992;0,999;1;1;1;1;1;1;1;1;1;1;1;1;1;1;1;1;0,065;0,048;0,018;0,004;0,009;0,005;0;0,001;0;0;0;0;0;0;0;0;0;0;0;0;0;0;0;0;0;0
"135";0,761;0,957;0,989;0,998;1;1;1;1;1;1;1;1;1;1;1;1;1;1;1;1;1;1;1;1;0;0;0,003;0,001;0;0;0;0;0;0;0;0;0;0;0;0;0;0;0;0;0;1;1;1;1;1;1;1
"136";0,417;0,641;0,784;0,875;0,922;0,955;0,991;0,996;1;0,999;0,999;1;1;1;1;1;1;1;1;1;1;1;0;0;0;0;0,023;0,013;0,005;0,002;0,001;0,001;0;0;0;0;0;0;0;0;0;0;0;0;0;0;0;0,162;1;1;1;1
"137";0,872;0,995;1;1;1;1;1;1;1;1;1;1;1;1;1;1;1;1;1;1;1;1;1;1;0,99;0;0,003;0;0;0;0;0;0;0;0;0;0;0;0;0;0;0;0;0;0;0;1;1;1;1;1;1
"138";0,281;0,412;0,557;0,646;0,723;0,818;0,872;0,93;0,952;0,966;0,985;0,995;0,998;1;1;1;1;1;1;1;1;1;1;0;0;0;0,057;0,03;0,008;0,012;0,012;0,001;0,001;0,001;0;0;0;0;0;0;0;0;0;0;0;0;0;0;0;1;1;1
"139";0,543;0,846;0,935;0,984;0,996;1;1;1;1;1;1;1;1;1;1;1;1;1;1;1;1;1;1;0,996929375639713;0;0;0,013;0,003;0;0;0;0;0;0;0;0;0;0;0;0;0;0;0;0;0;0;0;0;1;1;1;1
"140";0,674;0,956;0,996;0,999;1;1;1;1;1;1;1;1;1;1;1;1;1;1;1;1;1;1;1;1;1;0,619;0,01;0,001;0;0;0;0;0;0;0;0;0;0;0;0;0;0;0;0;0;0;0;0;0;1;1;1
"141";0,224;0,34;0,437;0,5;0,558;0,653;0,739;0,769;0,807;0,823;0,883;0,946;0,96;0,977;0,985;0,993;0,999;1;1;1;1;1;1;0;0;0;0,058;0,033;0,025;0,019;0,006;0,003;0,004;0,001;0;0;0;0;0;0;0;0;0;0;0;0;0;0;0;1;1;1
"142";0,852;0,996;1;1;1;1;1;1;1;1;1;1;1;1;1;1;1;1;1;1;1;1;1;1;1;1;0,003;0;0;0;0;0;0;0;0;0;0;0;0;0;0;0;0;0;0;0;0;0;0;1;1;1
"143";0,601;0,923;0,991;0,999;1;1;1;1;1;1;1;1;1;1;1;1;1;1;1;1;1;1;1;1;1;0;0,01;0,002;0;0;0;0;0;0;0;0;0;0;0;0;0;0;0;0;0;0;0;0;0;0;1;1
"144";0,401;0,754;0,901;0,978;0,996;1;1;1;1;1;1;1;1;1;1;1;1;1;1;1;1;1;1;1;1;1;0,023;0,008;0,001;0;0;0;0;0;0;0;0;0;0;0;0;0;0;0;0;0;0;0;0;0;1;1
"145";0,369;0,515;0,646;0,722;0,791;0,838;0,897;0,927;0,945;0,969;0,989;0,994;1;1;1;1;1;1;1;1;0;0;0;0;0;0;0,032;0,009;0,003;0,002;0,001;0;0;0;0;0;0;0;0;0;0;0;0;0;0;0;1;1;1;1;1;1
"146";0,216;0,353;0,478;0,595;0,653;0,809;0,881;0,931;0,967;0,975;0,997;1;0,999;1;1;1;1;1;1;1;1;1;1;1;1;0;0,055;0,034;0,024;0,015;0,012;0,001;0,004;0,001;0;0;0;0;0;0;0;0;0;0;0;0;0;0;0;0;0;1
"147";0,735;0,976;0,998;0,999;1;1;1;1;1;1;1;1;1;1;1;1;1;1;1;1;1;1;1;1;1;1;0,011;0;0;0;0;0;0;0;0;0;0;0;0;0;0;0;0;0;0;0;0;0;0;0;1;1
"148";0,514;0,887;0,973;0,998;1;1;1;1;1;1;1;1;1;1;1;1;1;1;1;1;1;1;1;1;1;1;0,012;0;0;0;0;0;0;0;0;0;0;0;0;0;0;0;0;0;0;0;0;0;1;1;1;1
"149";1;1;1;1;1;1;1;1;1;1;1;1;1;1;1;1;1;1;1;1;1;1;1;1;0,689;0;0;0;0;0;0;0;0;0;0;0;0;0;0;0;0;0;0,039;1;1;1;1;1;1;1;1;1
"150";0,222;0,318;0,413;0,506;0,586;0,678;0,768;0,824;0,882;0,907;0,953;0,983;0,994;0,997;0,999;0,999;1;1;1;1;1;1;1;0,998;1;0;0,053;0,039;0,031;0,016;0,011;0,01;0,001;0,001;0,001;0;0;0;0;0;0;0;0;0;0;0;0;0;0;1;1;1
"151";0,68;0,945;0,998;1;1;1;1;1;1;1;1;1;1;1;1;1;1;1;1;1;1;1;1;1;1;0;0,007;0;0;0;0;0;0;0;0;0;0;0;0;0;0;0;0;0;0;0;0;0;0;0;1;1
"152";0,507;0,831;0,96;0,991;1;1;1;1;1;1;1;1;1;1;1;1;1;1;1;1;1;1;1;1;1;0,039;0,023;0,002;0;0;0;0;0;0;0;0;0;0;0;0;0;0;0;0;1;1;1;1;1;1;1;1
"153";0,452;0,774;0,93;0,993;0,992;1;1;1;1;1;1;1;1;1;1;1;1;1;1;1;1;1;1;1;1;1;0,027;0,005;0,002;0;0;0;0;0;0;0;0;0;0;0;0;0;0;0;0;0;0;0;0;0;0;1
"154";0,231;0,4;0,548;0,639;0,727;0,846;0,94;0,958;0,983;0,99;0,997;1;0,999;1;1;1;1;1;1;1;1;1;1;1;1;1;0,054;0,024;0,01;0,004;0,009;0,003;0,005;0,001;0,001;0;0;0;0;0;0;0;0;0;0;0;0;0;0;1;1;1
"155";0,519;0,88;0,972;0,996;1;1;1;1;1;1;1;1;1;1;1;1;1;1;1;1;1;1;1;1;1;1;0,021;0,005;0;0;0;0;0;0;0;0;0;0;0;0;0;0;0;0;0;0;0;0;0;0;0;0
"156";0,494;0,838;0,964;0,992;0,999;1;1;1;1;1;1;1;1;1;1;1;1;1;1;1;1;1;1;1;1;1;0,023;0,003;0,001;0;0;0;0;0;0;0;0;0;0;0;0;0;0;0;0;0;0;0;0;0;0;1
"157";0,695;0,949;0,998;1;1;1;1;1;1;1;1;1;1;1;1;1;1;1;1;1;1;1;1;1;0;0;0,004;0;0;0;0;0;0;0;0;0;0;0;0;0;0;0;0;0;0;0;1;1;1;1;1;1
"158";0,802;0,992;1;1;1;1;1;1;1;1;1;1;1;1;1;1;1;1;1;1;1;1;1;1;1;1;0,006;0;0;0;0;0;0;0;0;0;0;0;0;0;0;0;0;0;0;0;0;0;1;1;1;1
"159";0,449;0,746;0,886;0,966;0,982;0,997;1;1;1;1;1;1;1;1;1;1;1;1;1;1;1;1;1;1;1;0;0,024;0,01;0,001;0;0,001;0;0;0;0;0;0;0;0;0;0;0;0;0;0;0;0;0;0;1;1;1
"160";0,307;0,433;0,572;0,638;0,755;0,83;0,905;0,931;0,952;0,978;0,99;0,997;1;1;1;1;1;1;1;1;1;1;1;1;0;0;0,043;0,021;0,014;0,005;0,005;0,006;0;0;0;0;0;0;0;0;0;0;0;0;0;0;0;0;0;1;1;1
"161";0,793;0,987;1;1;1;1;1;1;1;1;1;1;1;1;1;1;1;1;1;1;1;1;1;1;1;1;0,003;0;0;0;0;0;0;0;0;0;0;0;0;0;0;0;0;0;0;0;0;0;0;1;1;1
"162";0,318;0,504;0,709;0,832;0,924;0,982;0,993;0,999;0,999;1;1;1;1;1;1;1;1;1;1;1;1;1;1;1;1;1;0,037;0,008;0,003;0,002;0,003;0,001;0;0;0;0;0;0;0;0;0;0;0;0;0;0;0;0;1;1;1;1
"163";0,545;0,841;0,973;0,993;0,998;1;1;1;1;1;1;1;1;1;1;1;1;1;1;1;1;1;1;1;1;0,232;0,016;0,001;0,001;0;0;0;0;0;0;0;0;0;0;0;0;0;0;0;0;0;0;1;1;1;1;1
"164";0,283;0,46;0,626;0,698;0,796;0,9;0,947;0,97;0,985;0,992;0,997;0,997;1;1;1;1;1;1;1;1;1;1;1;0,899;0,99;0;0,058;0,023;0,014;0,007;0,005;0,003;0,002;0;0,001;0;0;0;0;0;0;0;0;0;0;0;0;0;1;1;1;1
"165";0,175;0,261;0,354;0,431;0,504;0,624;0,694;0,791;0,849;0,875;0,958;0,98;0,988;0,998;0,999;1;1;1;1;1;1;1;1;1;1;1;0,083;0,039;0,034;0,023;0,023;0,009;0,014;0,005;0;0,003;0,002;0,001;0;0;0;0;0;0;0;0;0;0;0;0;1;1
"166";0,656;0,944;0,993;1;1;1;1;1;1;1;1;1;1;1;1;1;1;1;1;1;1;1;1;1;1;1;0,01;0,002;0;0;0;0;0;0;0;0;0;0;0;0;0;0;0;0;0;0;0;0;0;1;1;1
"167";1;1;1;1;1;1;1;1;1;1;1;1;1;1;1;1;1;1;1;1;1;1;1;1;0;0;0;0;0;0;0;0;0;0;0;0;0;0;0;1;1;1;1;1;1;1;1;1;1;1;1;1
"168";0,946;1;1;1;1;1;1;1;1;1;1;1;1;1;1;1;1;1;1;1;1;1;1;1;1;0;0,002;0;0;0;0;0;0;0;0;0;0;0;0;0;0;0;0;0;0;0;0;0;1;1;1;1
"169";0,954;0,999;1;1;1;1;1;1;1;1;1;1;1;1;1;1;1;1;1;1;1;1;1;1;1;0;0;0;0;0;0;0;0;0;0;0;0;0;0;0;0;0;0;0;0;0;0;1;1;1;1;1
"170";0,625;0,908;0,98;0,998;1;1;1;1;1;1;1;1;1;1;1;1;1;1;1;1;1;1;1;1;1;0,001;0,008;0,004;0;0;0;0;0;0;0;0;0;0;0;0;0;0;0;0;0;0;0;0;1;1;1;1
"171";0,815;0,99;1;1;1;1;1;1;1;1;1;1;1;1;1;1;1;1;1;1;1;1;1;1;1;0;0,003;0;0;0;0;0;0;0;0;0;0;0;0;0;0;0;0;0;0;0;0;0;0;1;1;1
"172";0,578;0,89;0,982;0,999;1;1;1;1;1;1;1;1;1;1;1;1;1;1;1;1;1;1;1;1;1;0;0,013;0;0;0;0;0;0;0;0;0;0;0;0;0;0;0;0;0;0;0;0;0;0;0;1;1
"173";0,807;0,991;1;1;1;1;1;1;1;1;1;1;1;1;1;1;1;1;1;1;1;1;1;1;1;0;0,004;0;0;0;0;0;0;0;0;0;0;0;0;0;0;0;0;0;0;0;0;0;0;1;1;1
"174";0,986;1;1;1;1;1;1;1;1;1;1;1;1;1;1;1;1;1;1;1;1;1;1;1;0,849;0,042;0;0;0;0;0;0;0;0;0;0;0;1;1;1;1;1;1;1;1;1;1;1;1;1;1;1
"175";0,686;0,93;0,994;0,999;1;1;1;1;1;1;1;1;1;1;1;1;1;1;1;1;1;1;1;1;0;0;0,006;0;0;0;0;0;0;0;0;0;0;0;0;0;0;0;0;0;0;0;0;0;1;1;1;1
"176";NA;NA;NA;NA;NA;NA;NA;NA;NA;NA;NA;NA;NA;NA;NA;NA;NA;NA;NA;NA;NA;NA;NA;NA;NA;NA;NA;NA;NA;NA;NA;NA;NA;NA;NA;NA;NA;NA;NA;NA;NA;NA;NA;NA;NA;NA;NA;NA;NA;NA;NA;NA
"177";0,623;0,911;0,985;0,999;1;1;1;1;1;1;1;1;1;1;1;1;1;1;1;1;1;1;1;1;1;0;0,013;0;0;0;0;0;0;0;0;0;0;0;0;0;0;0;0;0;0;0;0;0;0;1;1;1
"178";0,453;0,764;0,904;0,959;0,984;0,998;1;1;1;1;1;1;1;1;1;1;1;1;1;1;1;1;1;0;0;0;0,023;0,005;0,003;0,001;0,001;0;0;0;0;0;0;0;0;0;0;0;0;0;0;0;0;0;0;1;1;1
"179";0,369;0,618;0,801;0,93;0,972;0,995;1;1;1;1;1;1;1;1;1;1;1;1;1;1;1;1;1;1;1;1;0,03;0,012;0,001;0,001;0;0;0;0;0;0;0;0;0;0;0;0;0;0;0;0;0;0;0;0;0;1
"180";0,948;1;1;1;1;1;1;1;1;1;1;1;1;1;1;1;1;1;1;1;1;1;1;1;1;0,994;0;0;0;0;0;0;0;0;0;0;0;0;0;0;0;0;0;0;0;0;0;0;1;1;1;1
"181";0,818;0,994;1;1;1;1;1;1;1;1;1;1;1;1;1;1;1;1;1;1;1;1;1;1;1;0;0,002;0;0;0;0;0;0;0;0;0;0;0;0;0;0;0;0;0;0;0;0;0;0;1;1;1
"182";0,616;0,918;0,988;1;1;1;1;1;1;1;1;1;1;1;1;1;1;1;1;1;1;1;1;1;1;0;0,013;0;0;0;0;0;0;0;0;0;0;0;0;0;0;0;0;0;0;0;0;0;0;1;1;1
"183";0,785;0,99;1;1;1;1;1;1;1;1;1;1;1;1;1;1;1;1;1;1;1;1;1;1;1;1;0,004;0;0;0;0;0;0;0;0;0;0;0;0;0;0;0;0;0;0;0;0;0;0;1;1;1
"184";0,526;0,889;0,983;0,997;1;1;1;1;1;1;1;1;1;1;1;1;1;1;1;1;1;1;1;1;1;1;0,016;0,003;0;0;0;0;0;0;0;0;0;0;0;0;0;0;0;0;0;0;0;0;0;0;1;1
"185";0,997;1;1;1;1;1;1;1;1;1;1;1;1;1;1;1;1;1;1;1;1;1;1;1;1;0;0;0;0;0;0;0;0;0;0;0;0;0;0;0;0;0;0;0;0;0;0;1;1;1;1;1
"186";0,786;0,989;1;1;1;1;1;1;1;1;1;1;1;1;1;1;1;1;1;1;1;1;1;1;0,164;0;0,005;0;0;0;0;0;0;0;0;0;0;0;0;0;0;0;0;0;0;0;0;0;0;1;1;1
"187";0,979;1;1;1;1;1;1;1;1;1;1;1;1;1;1;1;1;1;1;1;1;1;1;1;1;0,657;0,001;0;0;0;0;0;0;0;0;0;0;0;0;1;1;1;1;1;1;1;1;1;1;1;1;1
"188";0,404;0,72;0,899;0,981;0,996;0,999;1;1;1;1;1;1;1;1;1;1;1;1;1;1;1;1;1;1;1;1;0,024;0,002;0;0;0;0;0;0;0;0;0;0;0;0;0;0;0;0;0;0;0;0;0;0;1;1
"189";0,697;0,957;0,999;1;1;1;1;1;1;1;1;1;1;1;1;1;1;1;1;1;1;1;1;1;1;0;0,009;0,001;0;0;0;0;0;0;0;0;0;0;0;0;0;0;0;0;0;0;0;0;0;1;1;1
"190";NA;NA;NA;NA;NA;NA;NA;NA;NA;NA;NA;NA;NA;NA;NA;NA;NA;NA;NA;NA;NA;NA;NA;NA;NA;NA;NA;NA;NA;NA;NA;NA;NA;NA;NA;NA;NA;NA;NA;NA;NA;NA;NA;NA;NA;NA;NA;NA;NA;NA;NA;NA
"191";0,464;0,808;0,966;0,997;1;1;1;1;1;1;1;1;1;1;1;1;1;1;1;1;1;1;1;1;1;1;0,021;0,004;0,001;0;0;0;0;0;0;0;0;0;0;0;0;0;0;0;0;0;0;0;0;0;0;1
"192";0,769;0,99;1;1;1;1;1;1;1;1;1;1;1;1;1;1;1;1;1;1;1;1;1;1;1;0;0,006;0;0;0;0;0;0;0;0;0;0;0;0;0;0;0;0;0;0;0;0;0;0;1;1;1
"193";0,973;1;1;1;1;1;0;0;0;0;0;0;0;0;0;0;0;0;0;0;0;0;0;0;0;0;0;0;0;0;0;0;1;1;1;1;1;1;1;1;1;1;1;1;1;1;1;1;1;1;1;1
"194";0,912;1;1;1;1;1;1;1;1;1;1;1;1;1;1;1;1;1;1;1;1;1;1;1;1;1;0,003;0;0;0;0;0;0;0;0;0;0;0;0;0;0;1;1;1;1;1;1;1;1;1;1;1
"195";0,412;0,691;0,848;0,937;0,984;0,998;1;0,999;1;1;1;1;1;1;1;1;1;1;1;1;1;1;1;1;1;1;0,031;0,009;0,007;0,001;0;0;0;0;0;0;0;0;0;0;0;0;0;0;0;0;0;0;0;0;1;1
"196";0,893;0,998;1;1;1;1;1;1;1;1;1;1;1;1;1;1;1;1;1;1;1;1;0;0;0;0;0,001;0;0;0;0;0;0;0;0;0;0;0;0;0;0;0;0;1;1;1;1;1;1;1;1;1
"197";0,623;0,943;0,988;0,999;1;1;1;1;1;1;1;1;1;1;1;1;1;1;1;1;1;1;1;1;1;1;0,011;0;0;0;0;0;0;0;0;0;0;0;0;0;0;0;0;0;0;0;0;0;1;1;1;1
"198";0,992;1;1;1;1;1;1;1;1;1;1;1;1;1;1;1;1;1;1;1;1;1;1;1;1;1;0;0;0;0;0;0;0;0;0;0;0;0;0;0;0;0;0;0;0;0;0;0;1;1;1;1
"199";0,898;0,989;0,999;1;1;1;1;1;1;1;1;1;1;1;1;1;1;1;0,997;1;1;0;0;0;0;0;0,002;0;0;0;0;0;0;0;0;0;0;0;0;0;0;0;1;1;1;1;1;1;1;1;1;1
"200";0,463;0,711;0,927;0,974;0,996;1;1;1;1;1;1;1;1;1;1;1;1;1;1;1;1;1;1;1;1;0;0,03;0,004;0;0,001;0;0;0;0;0;0;0;0;0;0;0;0;0;0;0;0;0;0;0;0;1;1
"201";0,968;1;1;1;1;1;1;1;1;1;1;1;1;1;1;1;1;1;1;1;1;1;1;1;1;0,018;0;0;0;0;0;0;0;0;0;0;0;0;0;0;0;0;0;0;0;0;1;1;1;1;1;1
"202";0,281;0,455;0,584;0,703;0,785;0,888;0,938;0,971;0,979;0,989;0,999;1;1;1;1;1;1;1;1;1;1;1;1;1;0;0;0,042;0,015;0,009;0,007;0,003;0,001;0;0;0;0;0;0;0;0;0;0;0;0;0;0;0;0;0;1;1;1
"203";0,876;1;1;1;1;1;1;1;1;1;1;1;1;1;1;1;1;1;1;1;1;1;1;1;1;0;0,003;0;0;0;0;0;0;0;0;0;0;0;0;0;0;0;0;0;0;0;0;0;0;1;1;1
"204";0,985;1;1;1;1;1;1;1;1;1;1;1;1;1;1;1;1;1;1;1;1;1;1;1;1;0;0;0;0;0;0;0;0;1;1;1;1;1;1;1;1;1;1;1;1;1;1;1;1;1;1;1
"205";0,184;0,235;0,327;0,412;0,483;0,617;0,756;0,83;0,865;0,927;0,972;0,995;0,998;1;1;1;1;1;1;1;1;1;1;1;0;0;0,054;0,026;0,012;0,008;0,005;0,003;0;0;0;0;0;0;0;0;0;0;0;0;0;0;0;0;0;0;1;1
"206";0,236;0,334;0,489;0,579;0,66;0,783;0,848;0,89;0,917;0,949;0,981;0,992;0,998;1;1;1;1;1;1;1;1;1;1;1;0;0;0,052;0,031;0,025;0,011;0,003;0,002;0,004;0,002;0;0;0;0;0;0;0;0;0;0;0;0;0;0;0;0;1;1
"207";0,326;0,495;0,678;0,811;0,873;0,949;0,978;0,994;0,999;0,999;1;1;1;1;1;1;1;1;1;1;1;1;1;1;0;0;0,034;0,02;0,008;0,005;0;0;0;0;0;0;0;0;0;0;0;0;0;0;0;0;0;0;0;0,114;1;1
"208";0,182;0,302;0,437;0,542;0,638;0,743;0,842;0,904;0,939;0,979;0,99;0,998;1;1;1;1;1;1;1;1;1;1;1;0;0;0;0,046;0,013;0,009;0,003;0,001;0;0;0;0;0;0;0;0;0;0;0;0;0;0;0;0;0;0;1;1;1
"209";0,436;0,702;0,829;0,93;0,976;0,998;1;1;1;1;1;1;1;1;1;1;1;1;1;1;1;1;1;0,001;0,006;0,028;0,022;0,008;0,004;0;0;0;0;0;0;0;0;0;0;0;0;0;0;0;0;0;0;0;1;1;1;1
"210";0,442;0,706;0,847;0,931;0,98;0,999;1;1;1;1;1;1;1;1;1;1;1;1;1;1;1;1;1;1;0;0;0,027;0,007;0,002;0,003;0;0,001;0;0;0;0;0;0;0;0;0;0;0;0;0;0;0;0;0;1;1;1
"211";0,29;0,418;0,553;0,654;0,734;0,852;0,885;0,93;0,962;0,981;0,99;0,999;0,999;1;1;1;1;1;1;1;1;1;1;0;0;0;0,048;0,024;0,017;0,007;0,005;0,004;0,001;0;0;0;0;0;0;0;0;0;0;0;0;0;0;0;0;1;1;1
"212";0,213;0,297;0,355;0,456;0,511;0,567;0,628;0,715;0,75;0,788;0,868;0,913;0,935;0,975;0,977;0,982;0,995;0,999;1;1;1;1;1;1;0;0;0,061;0,036;0,035;0,024;0,015;0,01;0,002;0,002;0;0;0,002;0;0;0;0;0;0;0;0;0;0;0;0;0;1;1
"213";NA;NA;NA;NA;NA;NA;NA;NA;NA;NA;NA;NA;NA;NA;NA;NA;NA;NA;NA;NA;NA;NA;NA;NA;NA;NA;NA;NA;NA;NA;NA;NA;NA;NA;NA;NA;NA;NA;NA;NA;NA;NA;NA;NA;NA;NA;NA;NA;NA;NA;NA;NA
"214";0,759;0,965;0,999;1;1;1;1;1;1;1;1;1;1;1;1;1;1;1;1;1;1;1;1;1;1;1;0,005;0;0;0;0;0;0;0;0;0;0;0;0;0;0;0;0;0;0;1;1;1;1;1;1;1
"215";0,109;0,151;0,177;0,213;0,237;0,264;0,317;0,351;0,406;0,425;0,539;0,645;0,766;0,829;0,833;0,905;0,945;0,959;0,986;0,985;0,994;1;0,999;1;1;1;0,08;0,066;0,061;0,047;0,037;0,024;0,02;0,009;0,002;0,004;0,004;0,001;0;0;0;0;0;0;0;0;0;0;0;0;0;0
"216";0,52;0,786;0,916;0,973;0,995;1;1;1;1;1;1;1;1;1;1;1;1;1;1;1;1;1;1;1;1;1;0,016;0,008;0,004;0;0;0;0;0;0;0;0;0;0;0;0;0;0;0;0;0;0;0;0;1;1;1
"217";0,316;0,501;0,662;0,765;0,825;0,936;0,974;0,984;0,994;0,997;1;1;1;1;1;1;1;1;1;1;1;1;1;1;0;0;0,049;0,019;0,007;0,01;0,005;0,001;0,001;0;0;0;0;0;0;0;0;0;0;0;0;0;0;0;0;0;1;1
"218";0,23;0,354;0,461;0,55;0,609;0,756;0,8;0,875;0,922;0,933;0,977;0,987;0,995;0,997;1;0,999;1;1;1;1;1;1;1;1;0;0;0,048;0,042;0,024;0,021;0,013;0,009;0,004;0,001;0,001;0;0;0;0;0;0;0;0;0;0;0;0;0;0;0;1;1
"219";0,235;0,324;0,443;0,529;0,624;0,728;0,838;0,88;0,94;0,959;0,993;0,996;0,999;1;1;1;1;1;1;1;1;1;1;1;1;0;0,041;0,036;0,032;0,025;0,012;0,008;0,001;0,001;0,001;0;0;0;0;0;0;0;0;0;0;0;0;0;0;0;0;1
"220";0,278;0,464;0,678;0,791;0,891;0,951;0,988;0,998;1;1;1;1;1;1;1;1;1;1;1;1;1;1;1;1;1;0;0,031;0,018;0,007;0;0,001;0;0;0;0;0;0;0;0;0;0;0;0;0;0;0;0;0;0;0;1;1
"221";0,711;0,972;0,998;1;1;1;1;1;1;1;1;1;1;1;1;1;1;1;1;1;1;1;1;1;1;0,061;0,006;0;0;0;0;0;0;0;0;0;0;0;0;0;0;0;0;0;0;0;0;0;1;1;1;1
"222";0,129;0,166;0,158;0,19;0,21;0,247;0,334;0,355;0,409;0,459;0,556;0,635;0,729;0,802;0,829;0,913;0,924;0,943;0,967;0,981;0,993;0,997;0,999;1;1;1;0,089;0,061;0,068;0,056;0,045;0,024;0,011;0,017;0,006;0,005;0,002;0;0;0;0;0;0;0;0;0;0;0;0;0;0;0
"223";0,861;0,972;0,996;0,999;1;1;1;1;1;1;1;1;1;1;1;1;1;0;0;0;0;0;0;0;0;0;0,003;0;0;0;0;0;0;0;0;0;0;0;0;0;0;0;0;1;1;1;1;1;1;1;1;1
"224";NA;NA;NA;NA;NA;NA;NA;NA;NA;NA;NA;NA;NA;NA;NA;NA;NA;NA;NA;NA;NA;NA;NA;NA;NA;NA;NA;NA;NA;NA;NA;NA;NA;NA;NA;NA;NA;NA;NA;NA;NA;NA;NA;NA;NA;NA;NA;NA;NA;NA;NA;NA
"225";NA;NA;NA;NA;NA;NA;NA;NA;NA;NA;NA;NA;NA;NA;NA;NA;NA;NA;NA;NA;NA;NA;NA;NA;NA;NA;NA;NA;NA;NA;NA;NA;NA;NA;NA;NA;NA;NA;NA;NA;NA;NA;NA;NA;NA;NA;NA;NA;NA;NA;NA;NA
"226";0,274;0,506;0,681;0,82;0,91;0,974;0,994;0,997;1;1;1;1;1;1;1;1;1;1;1;1;0;0;0;0;0;0;0,024;0,005;0;0,001;0;0;0;0;0;0;0;0;0;0;0;0;0;0;0;0;1;1;1;1;1;1
"227";0,69;0,94;0,98;0,995;0,999;1;1;1;1;1;1;1;1;1;1;1;1;1;1;1;1;0,989;1;0;0;0;0,008;0,001;0;0;0;0;0;0;0;0;0;0;0;0;0;0;0;0;0;0;0;1;1;1;1;1
"228";0,541;0,704;0,799;0,856;0,904;0,946;0,966;0,985;0,984;0,996;1;1;1;1;1;1;0;0;0;0;0;0;0;0;0;0;0,01;0,002;0,001;0;0;0;0;0;0;0;0;0;0;0;0;0;1;1;1;1;1;1;1;1;1;1
"229";0,431;0,746;0,892;0,962;0,987;0,996;1;0,999;1;1;1;1;1;1;1;1;1;1;1;1;1;1;1;1;1;1;0,029;0,01;0,002;0,003;0,001;0;0;0;0;0;0;0;0;0;0;0;0;0;0;0;0;0;0;1;1;1
"230";0,533;0,842;0,97;0,988;0,995;0,998;1;1;1;1;1;1;1;1;1;1;1;1;1;1;1;1;1;1;0,026;0,156;0,026;0,004;0,002;0;0;0;0;0;0;0;0;0;0;0;0;0;0;0;0;0;0;0;0;0;1;1
"231";0,757;0,907;0,965;0,98;0,988;0,998;0,999;1;1;1;1;1;1;1;1;1;0;0;0;0;0;0;0;0;0;0;0,006;0,001;0;0;0;0;0;0;0;0;0;0;0;0;0;0;1;1;1;1;1;1;1;1;1;1
"232";NA;NA;NA;NA;NA;NA;NA;NA;NA;NA;NA;NA;NA;NA;NA;NA;NA;NA;NA;NA;NA;NA;NA;NA;NA;NA;NA;NA;NA;NA;NA;NA;NA;NA;NA;NA;NA;NA;NA;NA;NA;NA;NA;NA;NA;NA;NA;NA;NA;NA;NA;NA
"233";0,389;0,636;0,817;0,921;0,98;0,998;1;1;1;1;1;1;1;1;1;1;1;1;1;1;1;1;1;1;1;1;0,024;0,008;0,003;0,001;0;0;0;0;0;0;0;0;0;0;0;0;0;0;0;0;0;0;0;0;1;1
"234";0,135;0,153;0,191;0,256;0,259;0,319;0,4;0,487;0,592;0,61;0,757;0,843;0,904;0,938;0,96;0,987;0,989;0,998;0,996;1;1;1;1;1;1;0;0,076;0,045;0,039;0,032;0,024;0,007;0,003;0,003;0,003;0,001;0;0;0;0;0;0;0;0;0;0;0;0;0;0;0;1
"235";0,397;0,684;0,868;0,947;0,984;1;1;1;1;1;1;1;1;1;1;1;1;1;1;1;1;1;1;1;1;0,035;0,03;0,011;0,004;0,002;0,001;0;0;0;0;0;0;0;0;0;0;0;0;0;0;0;0;0;0;0;0;1
"236";0,958;1;1;1;1;1;1;1;1;1;1;1;1;1;1;1;1;1;1;1;1;1;1;1;1;0;0,001;0;0;0;0;0;0;0;0;0;0;0;0;0;0;0;0;0;0;0;0;1;1;1;1;1
"237";0,522;0,837;0,944;0,979;0,997;1;1;1;1;1;1;1;1;1;1;1;1;1;1;1;1;1;1;0;0;0;0,009;0,003;0,001;0;0;0;0;0;0;0;0;0;0;0;0;0;0;0;0;0;0;0;0;1;1;1
"238";0,337;0,6;0,743;0,866;0,935;0,988;0,995;0,999;1;1;1;1;1;1;1;1;1;1;1;1;1;1;1;1;1;1;0,035;0,008;0,009;0,001;0,002;0;0;0;0;0;0;0;0;0;0;0;0;0;0;0;0;0;1;1;1;1
"239";NA;NA;NA;NA;NA;NA;NA;NA;NA;NA;NA;NA;NA;NA;NA;NA;NA;NA;NA;NA;NA;NA;NA;NA;NA;NA;NA;NA;NA;NA;NA;NA;NA;NA;NA;NA;NA;NA;NA;NA;NA;NA;NA;NA;NA;NA;NA;NA;NA;NA;NA;NA
"240";0,332;0,596;0,831;0,924;0,966;0,994;1;0,999;1;1;1;1;1;1;1;1;1;1;1;1;0;0;0;0;0;0;0,022;0,001;0;0;0;0;0;0;0;0;0;0;0;0;0;0;0;0;0;0;1;1;1;1;1;1
"241";0,356;0,498;0,608;0,693;0,746;0,837;0,866;0,915;0,936;0,953;0,975;0,987;0,999;1;1;1;1;1;1;1;0;0;0;0;0;0;0,04;0,009;0,002;0,001;0,002;0;0;0,001;0;0;0;0;0;0;0;0;0;0;0;0;1;1;1;1;1;1
"242";0,577;0,904;0,986;0,999;1;1;1;1;1;1;1;1;1;1;1;1;1;1;1;1;1;1;1;1;0;0;0,023;0,002;0;0;0;0;0;0;0;0;0;0;0;0;0;0;0;0;0;0;0;0;0;0;1;1
"243";0,673;0,874;0,944;0,971;0,987;0,999;0,995;1;1;1;1;1;1;1;1;1;1;0;0;0;0;0;0;0;0;0;0,012;0,004;0;0;0;0;0;0;0;0;0;0;0;0;0;0;1;1;1;1;1;1;1;1;1;1
"244";0,543;0,846;0,965;0,989;0,998;1;1;1;1;1;1;1;1;1;1;1;1;1;1;1;1;1;1;1;1;0,972;0,013;0,003;0;0;0;0;0;0;0;0;0;0;0;0;0;0;0;0;0;0;0;0;0;1;1;1
"245";0,335;0,539;0,67;0,777;0,826;0,914;0,964;0,972;0,985;0,992;0,997;0,998;1;1;1;1;1;1;1;1;1;1;0;0;0;0;0,026;0,021;0,009;0,001;0,002;0;0;0;0;0;0;0;0;0;0;0;0;0;0;0;0;0;1;1;1;1
"246";NA;NA;NA;NA;NA;NA;NA;NA;NA;NA;NA;NA;NA;NA;NA;NA;NA;NA;NA;NA;NA;NA;NA;NA;NA;NA;NA;NA;NA;NA;NA;NA;NA;NA;NA;NA;NA;NA;NA;NA;NA;NA;NA;NA;NA;NA;NA;NA;NA;NA;NA;NA
"247";0,217;0,326;0,407;0,546;0,606;0,72;0,845;0,874;0,93;0,946;0,983;0,996;1;1;1;1;1;1;1;1;1;1;1;1;1;0;0,064;0,049;0,024;0,019;0,009;0,003;0,002;0;0;0;0;0;0;0;0;0;0;0;0;0;0;0;0;0;0;1
"248";0,193;0,28;0,374;0,481;0,603;0,766;0,888;0,947;0,978;0,994;0,999;1;1;1;1;1;1;1;1;1;1;1;1;1;1;1;0,056;0,031;0,03;0,017;0,004;0,001;0,001;0,002;0;0;0;0;0;0;0;0;0;0;0;0;0;0;0;0;0;0
"249";0,157;0,172;0,237;0,276;0,295;0,407;0,473;0,532;0,582;0,658;0,781;0,887;0,925;0,972;0,977;0,989;0,992;0,999;0,999;1;1;1;1;1;1;1;0,073;0,063;0,05;0,029;0,031;0,014;0,006;0,005;0,006;0,003;0,002;0,004;0;0;0;0;0;0;0;0;0;0;0;0;0;1
"250";0,144;0,21;0,258;0,328;0,378;0,516;0,615;0,738;0,809;0,86;0,942;0,986;1;1;1;1;1;1;1;1;1;1;1;1;1;1;0,088;0,062;0,052;0,047;0,026;0,015;0,007;0,009;0,004;0;0,001;0;0;0;0;0;0;0;0;0;0;0;0;0;0;0
"251";0,559;0,844;0,923;0,962;0,993;0,998;0,998;1;1;1;1;1;1;1;1;1;0;0;0;0;0;0;0;0;0;0;0,006;0;0;0;0;0;0;0;0;0;0;0;0;0;0;0;1;1;1;1;1;1;1;1;1;1
"252";0,14;0,198;0,25;0,33;0,375;0,47;0,551;0,673;0,769;0,809;0,923;0,966;0,993;0,999;1;1;1;1;1;1;1;1;1;1;1;1;0,068;0,061;0,045;0,028;0,03;0,024;0,016;0,007;0,008;0,002;0;0,001;0;0;0;0;0;0;0;0;0;0;0;0;0;1
"253";0,432;0,785;0,939;0,992;0,996;1;1;1;1;1;1;1;1;1;1;1;1;1;1;1;1;1;1;1;1;1;0,021;0,002;0;0,001;0;0;0;0;0;0;0;0;0;0;0;0;0;0;0;0;0;0;0;0;1;1
"254";0,121;0,142;0,194;0,238;0,238;0,322;0,389;0,463;0,52;0,599;0,673;0,772;0,845;0,901;0,916;0,954;0,977;0,985;0,996;0,998;0,999;1;1;1;1;0;0,094;0,058;0,041;0,037;0,029;0,009;0,008;0,006;0,001;0,001;0,001;0;0;0;0;0;0;0;0;0;0;0;0;0;0;1
"255";0,458;0,772;0,92;0,975;0,991;1;1;1;1;1;1;1;1;1;1;1;1;1;1;1;1;1;1;1;0,263;0,864;0,02;0,005;0,003;0;0;0;0;0;0;0;0;0;0;0;0;0;0;0;0;0;0;0;1;1;1;1
"256";0,132;0,19;0,228;0,269;0,311;0,404;0,493;0,599;0,688;0,758;0,862;0,951;0,974;0,989;0,998;1;1;1;1;1;1;1;1;1;1;1;0,091;0,056;0,07;0,039;0,039;0,016;0,011;0,015;0,007;0,005;0,004;0,002;0;0,001;0;0;0;0;0;0;0;0;0;0;0;0
"257";0,171;0,263;0,42;0,557;0,644;0,825;0,898;0,955;0,988;0,996;1;1;1;1;1;1;1;1;1;1;1;1;1;1;1;1;0,076;0,053;0,036;0,012;0,016;0,005;0,004;0,001;0;0;0;0;0;0;0;0;0;0;0;0;0;0;0;0;0;0
"258";0,457;0,817;0,951;0,992;1;1;1;1;1;1;1;1;1;1;1;1;1;1;1;1;1;1;1;1;1;1;0,021;0,001;0;0;0;0;0;0;0;0;0;0;0;0;0;0;0;0;0;0;0;0;0;0;0;1
"259";0,182;0,312;0,423;0,553;0,673;0,841;0,952;0,972;0,991;0,997;1;1;1;1;1;1;1;1;1;1;1;1;1;1;1;1;0,06;0,039;0,02;0,013;0,007;0;0;0;0;0;0;0;0;0;0;0;0;0;0;0;0;0;0;0;0;1
"260";0,284;0,452;0,602;0,717;0,781;0,896;0,954;0,971;0,989;0,992;1;0,999;1;1;1;1;1;1;1;1;1;1;1;1;1;0;0,036;0,018;0,009;0,003;0,005;0,002;0;0,001;0;0;0;0;0;0;0;0;0;0;0;0;0;0;0;0;1;1
"261";0,226;0,399;0,569;0,707;0,827;0,939;0,985;0,997;1;1;1;1;1;1;1;1;1;1;1;1;1;1;1;1;1;1;0,049;0,025;0,012;0,004;0,001;0,001;0;0;0;0;0;0;0;0;0;0;0;0;0;0;0;0;0;0;0;1
"262";0,188;0,326;0,444;0,58;0,699;0,882;0,961;0,986;0,996;0,997;1;1;1;1;1;1;1;1;1;1;1;1;1;1;1;1;0,056;0,042;0,015;0,012;0,008;0,002;0;0;0;0;0;0;0;0;0;0;0;0;0;0;0;0;0;0;0;1
"263";0,196;0,273;0,41;0,486;0,616;0,766;0,865;0,937;0,973;0,989;1;1;1;1;1;1;1;1;1;1;1;1;1;1;1;1;0,06;0,038;0,036;0,028;0,008;0,004;0,001;0,001;0;0;0;0;0;0;0;0;0;0;0;0;0;0;0;0;0;0
"264";0,231;0,377;0,522;0,672;0,79;0,919;0,973;0,992;0,999;1;1;1;1;1;1;1;1;1;1;1;1;1;1;1;1;1;0,061;0,036;0,011;0,007;0,006;0;0;0;0;0;0;0;0;0;0;0;0;0;0;0;0;0;0;0;0;0
"265";0,439;0,764;0,928;0,979;0,996;1;1;1;1;1;1;1;1;1;1;1;1;1;1;1;1;1;1;1;1;1;0,019;0,002;0,001;0;0;0;0;0;0;0;0;0;0;0;0;0;0;0;0;1;1;1;1;1;1;1
"266";0,16;0,251;0,302;0,377;0,473;0,602;0,724;0,829;0,906;0,947;0,988;0,999;0,999;1;1;1;1;1;1;1;1;1;1;1;1;1;0,069;0,054;0,045;0,018;0,017;0,01;0,008;0,006;0,001;0;0;0;0;0;0;0;0;0;0;0;0;0;0;0;0;0
"267";0,175;0,301;0,404;0,547;0,64;0,84;0,944;0,977;0,995;0,999;1;1;1;1;1;1;1;1;1;1;1;1;1;1;1;1;0,062;0,045;0,023;0,016;0,01;0,004;0;0,001;0;0;0;0;0;0;0;0;0;0;0;0;0;0;0;0;0;0
"268";0,257;0,45;0,626;0,731;0,805;0,913;0,969;0,992;0,992;0,998;1;1;1;1;1;1;1;1;1;1;1;1;1;1;1;1;0,032;0,02;0,024;0,004;0,001;0,006;0,003;0;0,001;0,001;0;0;0;0;0;0;0;0;0;0;0;0;1;1;1;1
"269";0,148;0,195;0,219;0,243;0,314;0,456;0,525;0,612;0,698;0,764;0,89;0,952;0,995;0,99;1;0,999;1;1;1;1;1;1;1;1;1;1;0,085;0,056;0,038;0,034;0,036;0,018;0,011;0,01;0,004;0,004;0;0,003;0,001;0,001;0;0;0;0;0;0;0;0;0;0;0;1
"270";0,15;0,26;0,325;0,4;0,478;0,614;0,744;0,806;0,881;0,926;0,983;0,995;0,998;1;1;1;1;1;1;1;1;1;1;1;1;1;0,067;0,058;0,046;0,024;0,018;0,007;0,004;0,004;0,004;0;0;0;0;0;0;0;0;0;0;0;0;0;0;0;0;0
"271";0,236;0,381;0,557;0,722;0,799;0,934;0,981;0,991;1;1;1;1;1;1;1;1;1;1;1;1;1;1;1;1;1;1;0,053;0,024;0,011;0,008;0,004;0;0;0;0;0;0;0;0;0;0;0;0;0;0;0;0;0;0;0;0;1
"272";0,195;0,336;0,479;0,619;0,714;0,88;0,945;0,988;0,999;0,997;1;1;1;1;1;1;1;1;1;1;1;1;1;1;1;1;0,061;0,027;0,014;0,007;0,002;0,004;0;0;0;0;0;0;0;0;0;0;0;0;0;0;0;0;0;0;0;0
"273";0,276;0,502;0,647;0,754;0,837;0,942;0,972;0,991;0,998;1;1;1;1;1;1;1;1;1;1;1;1;1;1;1;1;0,027;0,046;0,023;0,014;0,007;0,002;0,001;0;0;0;0;0;0;0;0;0;0;0;0;0;0;0;0;0;0;0;1
"274";0,146;0,241;0,319;0,414;0,467;0,64;0,806;0,866;0,929;0,944;0,986;1;1;1;1;1;1;1;1;1;1;1;1;1;1;1;0,068;0,047;0,042;0,025;0,016;0,012;0,007;0,004;0;0;0;0;0;0;0;0;0;0;0;0;0;0;0;0;0;0
"275";0,318;0,594;0,773;0,871;0,958;0,988;0,999;1;1;1;1;1;1;1;1;1;1;1;1;1;1;1;1;1;1;1;0,037;0,016;0,005;0;0,001;0;0;0;0;0;0;0;0;0;0;0;0;0;0;0;0;0;1;1;1;1
"276";0,189;0,298;0,368;0,454;0,517;0,678;0,773;0,836;0,899;0,939;0,985;0,993;1;1;1;1;1;1;1;1;1;1;1;1;1;1;0,071;0,049;0,034;0,015;0,019;0,009;0,004;0,003;0,001;0,001;0;0;0;0;0;0;0;0;0;0;0;0;0;0;0;1
"277";0,201;0,313;0,462;0,567;0,655;0,805;0,899;0,959;0,979;0,99;0,999;1;1;1;1;1;1;1;1;1;1;1;1;1;1;1;0,055;0,049;0,02;0,02;0,007;0,002;0,002;0;0;0;0;0;0;0;0;0;0;0;0;0;0;0;0;0;0;1
"278";0,242;0,403;0,59;0,689;0,815;0,942;0,988;0,996;0,999;1;1;1;1;1;1;1;1;1;1;1;1;1;1;1;1;1;0,052;0,025;0,008;0,008;0,004;0,001;0;0;0;0;0;0;0;0;0;0;0;0;0;0;0;0;0;0;0;1
"279";0,162;0,23;0,274;0,371;0,425;0,581;0,676;0,801;0,846;0,924;0,98;0,997;1;1;1;1;1;1;1;1;1;1;1;1;1;1;0,084;0,063;0,034;0,036;0,028;0,019;0,007;0,005;0,003;0,002;0;0;0;0;0;0;0;0;0;0;0;0;0;0;0;0
"280";0,441;0,693;0,817;0,935;0,974;0,989;1;1;1;1;1;1;1;1;1;1;1;1;1;1;1;1;1;1;1;1;0,04;0,016;0,007;0,001;0,001;0;0;0;0;0;0;0;0;0;0;0;1;1;1;1;1;1;1;1;1;1
"281";0,109;0,118;0,156;0,178;0,209;0,217;0,248;0,284;0,327;0,349;0,466;0,498;0,59;0,672;0,715;0,754;0,808;0,867;0,893;0,931;0,964;0,987;0,988;1;1;1;0,088;0,08;0,064;0,087;0,069;0,057;0,048;0,044;0,033;0,031;0,02;0,015;0,01;0,004;0,002;0;0,001;0;0;0;0;0;0;0;0;0
"282";0,162;0,26;0,341;0,413;0,535;0,65;0,75;0,839;0,891;0,934;0,978;0,996;0,999;1;1;1;1;1;1;1;1;1;1;1;1;1;0,083;0,047;0,029;0,026;0,014;0,008;0,005;0,001;0,003;0,003;0,001;0;0;0;0;0;0;0;0;0;0;0;0;0;0;1
"283";NA;NA;NA;NA;NA;NA;NA;NA;NA;NA;NA;NA;NA;NA;NA;NA;NA;NA;NA;NA;NA;NA;NA;NA;NA;NA;NA;NA;NA;NA;NA;NA;NA;NA;NA;NA;NA;NA;NA;NA;NA;NA;NA;NA;NA;NA;NA;NA;NA;NA;NA;NA
"284";0,171;0,203;0,302;0,366;0,457;0,579;0,729;0,811;0,886;0,925;0,984;0,998;1;1;1;1;1;1;1;1;1;1;1;1;1;1;0,075;0,08;0,045;0,036;0,028;0,01;0,005;0,005;0,002;0,001;0,001;0;0;0;0;0;0;0;0;0;0;0;0;0;0;0
"285";0,183;0,319;0,47;0,559;0,702;0,9;0,944;0,979;0,998;0,998;1;1;1;1;1;1;1;1;1;1;1;1;1;1;1;1;0,063;0,041;0,021;0,011;0,006;0,002;0,001;0;0;0;0;0;0;0;0;0;0;0;0;0;0;0;0;0;0;0
"286";0,134;0,176;0,223;0,26;0,316;0,398;0,534;0,598;0,666;0,721;0,858;0,944;0,978;0,996;0,996;1;1;1;1;1;1;1;1;1;1;1;0,055;0,064;0,054;0,062;0,047;0,03;0,02;0,019;0,012;0,003;0,003;0,002;0,001;0;0;0;0;0;0;0;0;0;0;0;0;0
"287";0,209;0,382;0,554;0,71;0,799;0,94;0,982;0,997;0,998;0,998;1;1;1;1;1;1;1;1;1;1;1;1;1;1;1;1;0,057;0,017;0,009;0,003;0,004;0,001;0;0;0;0;0;0;0;0;0;0;0;0;0;0;0;0;0;1;1;1
"288";0,155;0,265;0,384;0,468;0,575;0,783;0,879;0,949;0,976;0,995;1;1;1;1;1;1;1;1;1;1;1;1;1;1;1;1;0,06;0,042;0,017;0,011;0,012;0,002;0,001;0,001;0;0,001;0;0;0;0;0;0;0;0;0;0;0;0;0;0;0;1
"289";0,173;0,279;0,359;0,451;0,584;0,743;0,894;0,936;0,979;0,995;0,999;1;1;1;1;1;1;1;1;1;1;1;1;1;1;1;0,076;0,05;0,032;0,022;0,016;0,008;0,002;0,001;0,001;0;0;0;0;0;0;0;0;0;0;0;0;0;0;0;0;0
"290";0,16;0,218;0,311;0,362;0,476;0,577;0,686;0,769;0,844;0,886;0,96;0,984;0,998;0,996;1;1;1;1;1;1;1;1;1;1;1;1;0,063;0,051;0,033;0,018;0,011;0,01;0,004;0,003;0,002;0,001;0;0;0;0;0;0;0;0;0;0;0;0;0;0;0;1
"291";0,159;0,205;0,284;0,353;0,472;0,62;0,74;0,831;0,897;0,963;0,992;0,998;1;1;1;1;1;1;1;1;1;1;1;1;1;1;0,072;0,054;0,04;0,029;0,025;0,013;0,006;0,005;0,001;0,001;0;0;0;0;0;0;0;0;0;0;0;0;0;0;0;0
"292";0,205;0,381;0,513;0,628;0,765;0,882;0,965;0,989;0,997;0,998;1;1;1;1;1;1;1;1;1;1;1;1;1;1;1;1;0,059;0,026;0,015;0,004;0,005;0,001;0;0;0;0;0;0;0;0;0;0;0;0;0;0;0;0;0;0;1;1
"293";0,171;0,278;0,322;0,442;0,554;0,741;0,872;0,945;0,978;0,989;0,999;1;1;1;1;1;1;1;1;1;1;1;1;1;1;1;0,076;0,05;0,031;0,021;0,01;0,007;0,005;0,002;0;0;0;0;0;0;0;0;0;0;0;0;0;0;0;0;0;0
"294";0,135;0,167;0,23;0,259;0,286;0,403;0,525;0,611;0,71;0,788;0,906;0,969;0,995;1;1;1;1;1;1;1;1;1;1;1;1;1;0,083;0,086;0,055;0,052;0,032;0,023;0,013;0,012;0,007;0,005;0;0;0;0;0;0;0;0;0;0;0;0;0;0;0;0
"295";0,877;0,997;1;1;1;1;1;1;1;1;1;1;1;1;1;1;1;1;1;1;1;1;1;1;1;0;0;0;0;0;0;0;0;0;0;0;0;0;0;0;0;0;0;0;1;1;1;1;1;1;1;1
"296";0,132;0,179;0,253;0,32;0,34;0,459;0,522;0,609;0,668;0,712;0,809;0,896;0,943;0,964;0,989;0,989;0,996;0,998;0,999;1;1;1;1;1;1;1;0,079;0,054;0,052;0,033;0,033;0,016;0,012;0,01;0,001;0,005;0,005;0,001;0;0;0;0;0;0;0;0;0;0;0;0;0;1
"297";0,233;0,356;0,497;0,616;0,759;0,924;0,976;0,995;0,999;1;1;1;1;1;1;1;1;1;1;1;1;1;1;1;1;1;0,064;0,025;0,024;0,013;0,001;0,001;0;0;0;0;0;0;0;0;0;0;0;0;0;0;0;0;0;0;0;0
"298";0,167;0,26;0,345;0,488;0,604;0,764;0,882;0,946;0,977;0,99;0,998;1;1;1;1;1;1;1;1;1;1;1;1;1;1;1;0,07;0,044;0,034;0,016;0,014;0,003;0,001;0,001;0;0,001;0;0;0;0;0;0;0;0;0;0;0;0;0;0;0;0
"299";0,186;0,279;0,391;0,484;0,575;0,794;0,902;0,952;0,986;0,995;1;1;1;1;1;1;1;1;1;1;1;1;1;1;1;1;0,054;0,052;0,026;0,02;0,013;0,008;0,004;0;0;0;0;0;0;0;0;0;0;0;0;0;0;0;0;0;0;0
"300";0,303;0,551;0,743;0,889;0,962;0,996;1;1;1;1;1;1;1;1;1;1;1;1;1;1;1;1;1;1;1;1;0,037;0,007;0,002;0,001;0;0;0;0;0;0;0;0;0;0;0;0;0;0;0;0;0;0;0;0;1;1
"301";0,14;0,19;0,232;0,288;0,336;0,441;0,547;0,652;0,723;0,759;0,893;0,95;0,988;0,985;0,995;0,999;1;1;1;1;1;1;1;1;1;1;0,081;0,059;0,065;0,051;0,032;0,021;0,014;0,009;0,009;0,008;0,002;0,001;0,001;0;0;0;0;0;0;0;0;0;0;0;0;0
"302";0,189;0,299;0,443;0,566;0,684;0,853;0,947;0,983;0,996;1;1;1;1;1;1;1;1;1;1;1;1;1;1;1;1;1;0,07;0,047;0,021;0,012;0,011;0,002;0,003;0;0;0;0;0;0;0;0;0;0;0;0;0;0;0;0;0;0;0
"303";0,149;0,185;0,249;0,323;0,393;0,516;0,625;0,712;0,795;0,856;0,926;0,975;0,99;0,998;1;1;1;1;1;1;1;1;1;1;1;1;0,083;0,064;0,041;0,04;0,029;0,024;0,011;0,015;0,002;0,002;0,002;0;0;0,001;0;0;0;0;0;0;0;0;0;0;0;0
"304";0,165;0,248;0,337;0,449;0,548;0,721;0,828;0,912;0,967;0,979;0,999;1;1;1;1;1;1;1;1;1;1;1;1;1;1;1;0,067;0,042;0,032;0,017;0,011;0,012;0,003;0,001;0;0;0;0;0;0;0;0;0;0;0;0;0;0;0;0;0;0
"305";0,113;0,142;0,182;0,197;0,248;0,268;0,317;0,397;0,468;0,528;0,689;0,812;0,876;0,947;0,982;0,989;0,999;0,999;1;1;1;1;1;1;1;1;0,084;0,089;0,059;0,059;0,039;0,043;0,03;0,028;0,022;0,02;0,006;0,004;0,002;0,001;0,001;0;0,001;0;0;0;0;0;0;0;0;0
"306";0,128;0,169;0,159;0,164;0,202;0,253;0,269;0,305;0,343;0,374;0,458;0,554;0,639;0,705;0,74;0,781;0,848;0,894;0,932;0,95;0,97;0,986;0,994;0,997;1;1;0,088;0,084;0,089;0,081;0,071;0,048;0,043;0,045;0,028;0,031;0,017;0,012;0,005;0,003;0;0,001;0,002;0;0;0;0;0;0;0;0;0
"307";0,119;0,148;0,166;0,162;0,212;0,224;0,312;0,342;0,355;0,422;0,531;0,65;0,671;0,787;0,816;0,904;0,922;0,957;0,983;0,995;0,998;1;1;1;1;1;0,096;0,089;0,077;0,074;0,068;0,049;0,05;0,04;0,039;0,026;0,015;0,007;0,01;0,001;0,004;0;0;0,001;0;0;0;0;0;0;0;0
"308";0,26;0,459;0,647;0,817;0,915;0,986;0,996;0,999;1;1;1;1;1;1;1;1;1;1;1;1;1;1;1;1;1;1;0,039;0,017;0,007;0,005;0,005;0;0;0;0;0;0;0;0;0;0;0;0;0;0;0;0;0;0;0;1;1
"309";0,227;0,402;0,578;0,699;0,822;0,946;0,984;0,998;1;1;1;1;1;1;1;1;1;1;1;1;1;1;1;1;1;1;0,051;0,031;0,009;0,007;0,003;0,001;0;0;0;0;0;0;0;0;0;0;0;0;0;0;0;0;0;0;0;0
"310";0,14;0,187;0,206;0,245;0,332;0,413;0,449;0,565;0,631;0,718;0,851;0,917;0,955;0,981;0,995;0,999;1;1;1;1;1;1;1;1;1;1;0,08;0,074;0,063;0,058;0,039;0,027;0,018;0,013;0,011;0,007;0,003;0,002;0,001;0,001;0,002;0;0;0;0;0;0;0;0;0;0;0
"311";0,154;0,218;0,317;0,378;0,44;0,566;0,691;0,804;0,861;0,911;0,961;0,994;0,995;1;1;1;1;1;1;1;1;1;1;1;1;1;0,058;0,05;0,037;0,024;0,018;0,015;0,004;0,004;0;0,002;0,001;0;0;0;0;0;0;0;0;0;0;0;0;0;0;0
"312";0,974;0,997;0,999;1;1;1;1;1;1;1;1;1;1;1;1;1;1;1;1;1;1;1;1;1;1;1;0,003;0;0;0;0;0;0;0;1;1;1;1;1;1;1;1;1;1;1;1;1;1;1;1;1;1
"313";0,135;0,183;0,261;0,325;0,375;0,529;0,664;0,756;0,832;0,888;0,973;0,997;1;1;1;1;1;1;1;1;1;1;1;1;1;1;0,074;0,06;0,042;0,038;0,035;0,015;0,013;0,006;0,003;0,001;0;0;0;0;0;0;0;0;0;0;0;0;0;0;0;0
"314";0,209;0,376;0,501;0,65;0,774;0,9;0,97;0,993;1;1;1;1;1;1;1;1;1;1;1;1;1;1;1;1;1;1;0,062;0,024;0,026;0,013;0,008;0;0;0;0;0;0;0;0;0;0;0;0;0;0;0;0;0;0;0;0;0
"315";0,11;0,131;0,138;0,162;0,17;0,227;0,226;0,28;0,297;0,341;0,414;0,533;0,605;0,686;0,769;0,829;0,887;0,918;0,963;0,98;0,993;0,999;1;1;1;1;0,098;0,083;0,086;0,085;0,071;0,048;0,05;0,051;0,045;0,033;0,026;0,017;0,01;0,005;0,003;0,002;0,002;0;0;0;0;0;0;0;0;0
"316";0,128;0,157;0,198;0,225;0,28;0,371;0,375;0,474;0,522;0,597;0,707;0,803;0,861;0,934;0,965;0,979;0,987;0,992;0,998;1;1;1;1;1;1;1;0,08;0,084;0,062;0,046;0,044;0,025;0,016;0,019;0,012;0,008;0,005;0;0;0;0;0;0;0;0;0;0;0;0;0;0;0
"317";0,164;0,241;0,284;0,398;0,468;0,634;0,743;0,821;0,9;0,943;0,99;0,998;1;1;1;1;1;1;1;1;1;1;1;1;1;1;0,062;0,05;0,04;0,027;0,023;0,012;0,006;0,003;0,001;0;0;0;0;0;0;0;0;0;0;0;0;0;0;0;0;0
"318";0,17;0,279;0,342;0,424;0,555;0,651;0,788;0,887;0,923;0,965;0,995;1;1;1;1;1;1;1;1;1;1;1;1;1;1;1;0,072;0,049;0,036;0,029;0,016;0,012;0,001;0,003;0,002;0;0;0;0,001;0;0;0;0;0;0;0;0;0;0;0;0;0
"319";0,251;0,409;0,634;0,781;0,891;0,971;0,994;0,999;1;1;1;1;1;1;1;1;1;1;1;1;1;1;1;1;1;1;0,052;0,022;0,015;0,002;0,002;0;0;0;0;0;0;0;0;0;0;0;0;0;0;0;0;0;0;0;0;0
"320";0,333;0,569;0,802;0,898;0,959;0,997;0,999;1;1;1;1;1;1;1;1;1;1;1;1;1;1;1;1;1;1;1;0,03;0,011;0,001;0,001;0,001;0;0;0;0;0;0;0;0;0;0;0;0;0;0;0;0;0;0;0;1;1
"321";0,125;0,127;0,196;0,204;0,248;0,286;0,357;0,408;0,478;0,507;0,631;0,753;0,816;0,883;0,935;0,962;0,978;0,991;0,997;0,997;0,999;1;1;1;1;1;0,094;0,06;0,068;0,038;0,05;0,04;0,03;0,02;0,017;0,01;0,004;0;0;0;0,001;0;0;0;0;0;0;0;0;0;0;0
"322";0,913;0,99;0,994;0,999;1;1;1;1;1;1;1;1;0;0;0;0;0;0;0;0;0;0;0;0;0;0;0,001;0;0;0;0;0;0;0;0;0;0;0;1;1;1;1;1;1;1;1;1;1;1;1;1;1
"323";0,221;0,413;0,583;0,731;0,83;0,941;0,975;0,995;0,998;1;1;1;1;1;1;1;1;1;1;1;1;1;1;1;1;1;0,045;0,03;0,019;0,006;0,004;0;0,003;0;0;0;0;0;0;0;0;0;0;0;0;0;0;1;1;1;1;1
"324";0,166;0,258;0,366;0,436;0,495;0,689;0,811;0,892;0,944;0,968;0,992;1;1;1;1;1;1;1;1;1;1;1;1;1;1;1;0,065;0,06;0,034;0,025;0,019;0,004;0,003;0,001;0,002;0;0;0;0;0;0;0;0;0;0;0;0;0;0;0;0;0
"325";0,136;0,167;0,173;0,195;0,251;0,281;0,33;0,385;0,449;0,541;0,677;0,786;0,877;0,916;0,967;0,986;0,989;0,997;1;1;1;1;1;1;1;1;0,08;0,077;0,088;0,064;0,061;0,032;0,03;0,029;0,019;0,01;0,008;0,005;0,001;0,003;0;0;0;0;0;0;0;0;0;0;0;0
"326";0,464;0,824;0,945;0,987;0,998;1;1;1;1;1;1;1;1;1;1;1;1;1;1;1;1;1;1;1;1;1;0,014;0,002;0;0;0;0;0;0;0;0;0;0;0;1;1;1;1;1;1;1;1;1;1;1;1;1
"327";0,161;0,221;0,337;0,442;0,502;0,633;0,767;0,87;0,925;0,949;0,993;0,999;1;1;1;1;1;1;1;1;1;1;1;1;1;1;0,066;0,058;0,036;0,019;0,024;0,013;0,007;0,003;0;0;0;0;0;0;0;0;0;0;0;0;0;0;0;0;0;0
"328";0,199;0,34;0,48;0,62;0,736;0,891;0,967;0,987;0,999;0,999;1;1;1;1;1;1;1;1;1;1;1;1;1;1;1;1;0,052;0,022;0,018;0,01;0,006;0,001;0;0;0;0;0;0;0;0;0;0;0;0;0;0;0;0;0;0;0;0
"329";0,627;0,945;0,996;1;1;1;1;1;1;1;1;1;1;1;1;1;1;1;1;1;1;1;1;1;1;1;0,008;0;0;0;0;0;0;0;0;0;0;0;0;0;0;0;0;0;0;0;1;1;1;1;1;1
"330";0,125;0,185;0,238;0,275;0,329;0,408;0,483;0,606;0,634;0,731;0,875;0,932;0,969;0,989;0,996;0,999;0,999;1;1;1;1;1;1;1;1;1;0,075;0,071;0,058;0,043;0,035;0,026;0,016;0,01;0,012;0,008;0,002;0;0,001;0;0,001;0;0;0;0;0;0;0;0;0;0;0
"331";0,124;0,183;0,215;0,287;0,313;0,425;0,495;0,617;0,69;0,743;0,862;0,941;0,977;0,992;1;0,998;1;1;1;1;1;1;1;1;1;1;0,086;0,054;0,063;0,05;0,034;0,028;0,017;0,006;0,009;0,005;0;0;0;0,001;0;0;0;0;0;0;0;0;0;0;0;0
"332";0,183;0,235;0,315;0,372;0,451;0,558;0,642;0,736;0,793;0,831;0,908;0,962;0,976;0,991;0,995;0,999;1;1;1;1;1;1;1;1;1;1;0,062;0,047;0,038;0,031;0,024;0,016;0,014;0,006;0,006;0,002;0,001;0;0;0,001;0;0;0;0;0;0;0;0;0;0;1;1
"333";0,166;0,213;0,292;0,35;0,459;0,574;0,677;0,793;0,871;0,921;0,973;0,994;1;1;1;1;1;1;1;1;1;1;1;1;1;1;0,075;0,063;0,03;0,024;0,014;0,022;0,008;0,007;0,002;0;0;0;0;0;0;0;0;0;0;0;0;0;0;0;0;0
"334";0,135;0,183;0,233;0,272;0,328;0,43;0,549;0,634;0,721;0,809;0,906;0,971;0,986;0,993;0,999;1;1;1;1;1;1;1;1;1;1;1;0,079;0,071;0,038;0,035;0,027;0,017;0,019;0,01;0,005;0,004;0,001;0;0;0;0;0;0;0;0;0;0;0;0;0;0;0
"335";0,228;0,346;0,502;0,662;0,78;0,902;0,965;0,992;0,999;1;1;1;1;1;1;1;1;1;1;1;1;1;1;1;1;1;0,059;0,031;0,028;0,01;0,007;0;0,001;0;0;0;0;0;0;0;0;0;0;0;0;0;0;0;0;0;0;0
"336";0,832;0,99;1;1;1;1;1;1;1;1;1;1;1;1;1;1;1;1;1;1;1;1;0,841;0,974;0;0;0,003;0;0;0;0;0;0;0;0;0;0;0;0;0;0;0;0;0;0;0;0;1;1;1;1;1
"337";0,776;0,973;0,998;0,999;1;1;1;1;1;1;1;1;1;1;1;1;1;1;1;1;1;1;0;0;0;0;0,004;0,001;0;0;0;0;0;0;0;0;0;0;0;0;0;0;0;0;0;0;1;1;1;1;1;1
"338";0,175;0,268;0,34;0,41;0,511;0,635;0,783;0,878;0,925;0,947;0,991;1;1;1;1;1;1;1;1;1;1;1;1;1;1;1;0,063;0,045;0,027;0,017;0,01;0,005;0,002;0,001;0;0;0;0;0;0;0;0;0;0;0;0;0;0;0;0;0;0
"339";0,145;0,189;0,267;0,353;0,404;0,532;0,649;0,751;0,833;0,874;0,96;0,988;0,997;1;1;1;1;1;1;1;1;1;1;1;1;1;0,083;0,078;0,05;0,021;0,034;0,014;0,007;0,002;0,001;0,002;0,002;0;0;0;0;0;0;0;0;0;0;0;0;0;0;0
"340";0,321;0,526;0,766;0,901;0,964;0,996;1;1;1;1;1;1;1;1;1;1;1;1;1;1;1;1;1;1;1;1;0,036;0,021;0,002;0,002;0;0;0;0;0;0;0;0;0;0;0;0;0;0;0;0;0;0;0;0;1;1
"341";0,17;0,23;0,319;0,405;0,476;0,565;0,676;0,806;0,865;0,9;0,959;0,989;0,996;1;1;1;0,999;1;1;1;1;1;1;1;1;1;0,076;0,05;0,036;0,027;0,021;0,015;0,006;0,006;0,008;0;0;0;0;0;0;0;0;0;0;0;0;0;0;0;0;1
"342";0,109;0,13;0,14;0,144;0,149;0,183;0,224;0,245;0,285;0,295;0,362;0,409;0,467;0,55;0,611;0,662;0,728;0,782;0,82;0,875;0,924;0,963;0,987;0,999;1;1;0,094;0,091;0,087;0,098;0,094;0,057;0,047;0,058;0,054;0,041;0,029;0,016;0,009;0,01;0,009;0,004;0,001;0;0;0;0;0;0;0;0;0
"343";0,169;0,24;0,318;0,403;0,493;0,649;0,747;0,838;0,905;0,948;0,99;0,997;1;1;1;1;1;1;1;1;1;1;1;1;1;1;0,09;0,056;0,034;0,025;0,018;0,005;0,002;0,002;0,003;0;0;0;0;0;0;0;0;0;0;0;0;0;0;0;0;0
"344";0,173;0,257;0,38;0,474;0,552;0,729;0,856;0,94;0,973;0,987;0,999;1;1;1;1;1;1;1;1;1;1;1;1;1;1;1;0,088;0,038;0,032;0,026;0,012;0,007;0,003;0,001;0,001;0;0;0;0;0;0;0;0;0;0;0;0;0;0;0;0;0
"345";0,155;0,179;0,215;0,29;0,281;0,411;0,471;0,569;0,656;0,74;0,852;0,935;0,981;0,994;0,998;1;1;1;1;1;1;1;1;1;1;1;0,089;0,067;0,067;0,064;0,039;0,037;0,022;0,012;0,006;0,006;0,004;0,001;0;0;0;0;0;0;0;0;0;0;0;0;0;0
"346";0,206;0,277;0,353;0,453;0,507;0,683;0,836;0,887;0,937;0,954;0,994;0,999;1;1;1;1;1;1;1;1;1;1;1;1;1;1;0,063;0,05;0,034;0,025;0,019;0,009;0,004;0,002;0,003;0;0;0;0;0;0;0;0;0;0;0;0;0;0;0;0;0
"347";0,391;0,706;0,888;0,953;0,985;0,999;1;1;1;1;1;1;1;1;1;1;1;1;1;1;1;1;1;1;1;1;0,024;0,006;0;0;0;0;0;0;0;0;0;0;0;0;0;0;0;0;0;0;0;0;0;0,047;1;1
"348";0,144;0,215;0,262;0,292;0,373;0,506;0,593;0,698;0,767;0,805;0,919;0,972;0,994;0,998;0,999;1;1;1;1;1;1;1;1;1;1;1;0,077;0,058;0,041;0,049;0,03;0,02;0,012;0,009;0,003;0,003;0,002;0,001;0;0;0;0;0;0;0;0;0;0;0;0;0;0
"349";0,18;0,273;0,383;0,483;0,609;0,789;0,898;0,958;0,989;0,995;1;1;1;1;1;1;1;1;1;1;1;1;1;1;1;1;0,073;0,032;0,019;0,018;0,004;0,003;0,001;0,001;0;0;0;0;0;0;0;0;0;0;0;0;0;0;0;0;0;0
"350";0,249;0,421;0,57;0,737;0,835;0,944;0,986;0,996;1;1;1;1;1;1;1;1;1;1;1;1;1;1;1;1;1;1;0,042;0,018;0,011;0,005;0,001;0,001;0;0;0;0;0;0;0;0;0;0;0;0;0;0;0;0;0;0;0;1
"351";0,575;0,874;0,977;0,996;1;1;1;1;1;1;1;1;1;1;1;1;1;1;1;1;1;1;1;1;1;1;0,017;0;0,001;0;0;0;0;0;0;0;0;0;0;0;0;0;0;0;0;0;0;0;1;1;1;1
"352";0,251;0,394;0,544;0,718;0,816;0,951;0,986;0,999;0,998;0,999;1;1;1;1;1;1;1;1;1;1;1;1;1;1;1;1;0,039;0,023;0,022;0,004;0,007;0;0,001;0;0;0;0;0;0;0;0;0;0;0;0;0;0;0;0;0;0;0
"353";0,151;0,21;0,275;0,361;0,411;0,548;0,643;0,749;0,825;0,877;0,955;0,984;0,999;0,999;1;1;1;1;1;1;1;1;1;1;1;1;0,082;0,062;0,042;0,033;0,022;0,009;0,007;0,007;0,003;0,005;0;0;0;0;0;0;0;0;0;0;0;0;0;0;0;0
"354";0,311;0,561;0,782;0,908;0,958;0,994;1;1;1;1;1;1;1;1;1;1;1;1;1;1;1;1;1;1;1;1;0,031;0,018;0,004;0,001;0;0;0;0;0;0;0;0;0;0;0;0;0;0;0;0;0;0;0;0;0;0
"355";0,223;0,354;0,532;0,64;0,725;0,868;0,943;0,977;0,994;0,993;1;1;1;1;1;1;1;1;1;1;1;1;1;1;1;1;0,045;0,034;0,025;0,011;0,006;0,003;0,001;0;0;0;0;0;0;0;0;0;0;0;0;0;0;0;0;0;1;1
"356";0,341;0,593;0,802;0,906;0,943;0,99;0,999;0,999;1;1;1;1;1;1;1;1;1;1;1;1;1;1;1;1;1;0;0,043;0,01;0,007;0;0;0;0;0;0;0;0;0;0;0;0;0;0;0;0;0;0;0;0;0;0;1
"357";0,242;0,424;0,606;0,744;0,863;0,955;0,988;0,998;0,999;1;1;1;1;1;1;1;1;1;1;1;1;1;1;1;1;1;0,054;0,033;0,013;0,006;0,002;0;0;0;0;0;0;0;0;0;0;0;0;0;0;0;0;0;0;0;0;1
"358";0,549;0,855;0,977;0,996;0,999;1;1;1;1;1;1;1;1;1;1;1;1;1;1;1;1;1;1;1;1;0;0,019;0,003;0;0;0;0;0;0;0;0;0;0;0;0;0;0;0;0;0;0;0;0;0;0;0;1
"359";0,197;0,348;0,508;0,651;0,748;0,901;0,947;0,985;0,997;0,998;1;1;1;1;1;1;1;1;1;1;1;1;1;1;1;1;0,068;0,028;0,019;0,009;0,003;0,003;0;0;0,001;0;0;0;0;0;0;0;0;0;0;0;0;0;0;0;0;1
"360";0,227;0,346;0,46;0,573;0,632;0,777;0,84;0,886;0,923;0,966;0,977;0,998;0,999;1;1;1;1;1;1;1;1;1;1;1;0;0;0,04;0,026;0,016;0,004;0,001;0,002;0,002;0;0;0;0;0;0;0;0;0;0;0;0;0;0;0;0;1;1;1
"361";0,309;0,581;0,761;0,885;0,948;0,995;0,999;1;1;1;1;1;1;1;1;1;1;1;1;1;1;1;1;1;1;1;0,041;0,009;0,006;0,002;0,002;0;0;0;0;0;0;0;0;0;0;0;0;0;0;0;0;0;0;0;1;1
"362";0,707;0,914;0,984;0,993;0,998;1;1;1;1;1;1;1;1;1;1;1;1;1;1;0,868;0;0;0;0;0;0;0,008;0,002;0;0;0;0;0;0;0;0;0;0;0;0;0;0;0;0;0;1;1;1;1;1;1;1
"363";0,172;0,189;0,219;0,274;0,331;0,383;0,493;0,56;0,633;0,698;0,828;0,885;0,944;0,975;0,978;0,994;1;0,999;1;1;1;1;1;1;1;1;0,084;0,069;0,059;0,059;0,04;0,027;0,013;0,02;0,012;0,003;0,003;0,001;0;0,002;0;0;0;0;0;0;0;0;0;0;0;0
"364";0,538;0,834;0,957;0,989;0,999;1;1;1;1;1;1;1;1;1;1;1;1;1;1;1;1;1;1;1;NA;0;0,026;0,002;0,001;0;0;0;0;0;0;0;0;0;0;0;0;0;0;0;0;0;0;0;0;0;1;1
"365";0,258;0,484;0,649;0,812;0,874;0,969;0,996;0,999;1;1;1;1;1;1;1;1;1;1;1;1;1;1;1;1;1;1;0,041;0,017;0,009;0;0,002;0;0;0;0;0;0;0;0;0;0;0;0;0;0;0;1;1;1;1;1;1
"366";0,244;0,427;0,611;0,742;0,827;0,963;0,987;0,999;1;1;1;1;1;1;1;1;1;1;1;1;1;1;1;1;1;1;0,048;0,018;0,003;0,007;0;0;0;0;0;0;0;0;0;0;0;0;0;0;0;0;0;0;0;0;0;1
"367";0,318;0,552;0,772;0,87;0,945;0,986;1;0,999;1;1;1;1;1;1;1;1;1;1;1;1;1;1;1;1;1;0,017;0,041;0,021;0,006;0;0;0;0;0;0;0;0;0;0;0;0;0;0;0;0;0;0;0;0;0;0;1
"368";0,331;0,575;0,726;0,844;0,922;0,976;0,995;0,997;1;1;1;1;1;1;1;1;1;1;1;1;1;1;1;1;1;0;0,035;0,012;0,011;0,006;0;0,001;0;0,001;0;0;0;0;0;0;0;0;0;0;0;0;0;0;0;0;1;1
"369";0,302;0,574;0,78;0,9;0,967;0,995;1;1;1;1;1;1;1;1;1;1;1;1;1;1;1;1;1;1;1;1;0,026;0,001;0,007;0,001;0;0;0;0;0;0;0;0;0;0;0;0;0;0;0;0;0;0;1;1;1;1
"370";0,55;0,889;0,971;0,997;1;1;1;1;1;1;1;1;1;1;1;1;1;1;1;1;1;1;1;1;1;0;0,011;0,002;0;0;0;0;0;0;0;0;0;0;0;0;0;0;0;0;0;0;0;0;0;1;1;1
"371";0,385;0,64;0,829;0,918;0,968;0,996;0,998;1;1;1;1;1;1;1;1;1;1;1;1;1;1;1;1;1;1;0;0,038;0,007;0,001;0,001;0;0;0;0;0;0;0;0;0;0;0;0;0;0;0;0;0;0;0;0;0;1
"372";0,31;0,542;0,722;0,841;0,93;0,985;0,999;1;1;1;1;1;1;1;1;1;1;1;1;1;1;1;1;1;1;0;0,043;0,013;0,01;0,001;0,002;0;0;0;0;0;0;0;0;0;0;0;0;0;0;0;0;0;0;0;0;1
"373";0,34;0,601;0,798;0,92;0,966;0,991;1;1;1;1;1;1;1;1;1;1;1;1;1;1;1;1;1;1;1;1;0,024;0,002;0,002;0,001;0;0;0;0;0;0;0;0;0;0;0;0;0;0;0;0;0;0;1;1;1;1
"374";0,309;0,55;0,731;0,873;0,941;0,989;0,998;1;1;1;1;1;1;1;1;1;1;1;1;1;1;1;1;1;1;1;0,027;0,016;0,007;0;0;0;0;0;0;0;0;0;0;0;0;0;0;0;0;0;0;0;0;0;0;1
"375";0,832;0,994;1;1;1;1;1;1;1;1;1;1;1;1;1;1;1;1;1;1;1;1;1;1;0;0;0,003;0;0;0;0;0;0;0;0;0;0;0;0;0;0;0;0;0;0;0;0;0;0;1;1;1
"376";0,164;0,264;0,361;0,462;0,577;0,742;0,888;0,94;0,964;0,991;0,999;1;1;1;1;1;1;1;1;1;1;1;1;1;1;1;0,083;0,05;0,027;0,018;0,008;0,003;0,003;0,002;0;0;0;0;0;0;0;0;0;0;0;0;0;0;0;0;0;0
"377";0,338;0,568;0,795;0,9;0,966;0,998;1;1;1;1;1;1;1;1;1;1;1;1;1;1;1;1;1;1;1;1;0,036;0,01;0,003;0;0,001;0;0;0;0;0;0;0;0;0;0;0;0;0;0;0;0;0;0;0;0;1
"378";0,369;0,676;0,89;0,97;0,993;1;1;1;1;1;1;1;1;1;1;1;1;1;1;1;1;1;1;1;1;1;0,025;0,008;0,001;0;0;0;0;0;0;0;0;0;0;0;0;0;0;0;0;0;0;0;0;0;0;1
"379";0,991;1;1;1;1;1;1;1;1;1;1;1;1;1;1;1;1;0,003;0;0;0;0;0;0;0;0;0,001;0;0;0;0;0;0;0;0;0;0;0;0;0;0;0;0;1;1;1;1;1;1;1;1;1
"380";0,456;0,675;0,773;0,868;0,936;0,976;0,989;0,995;0,996;1;1;1;1;1;1;1;1;1;1;1;1;1;1;1;1;1;0,02;0,009;0,008;0,005;0,002;0,002;0,002;0,001;0,002;0;0;0;0;0;0;0;0;1;1;1;1;1;1;1;1;1
"381";0,246;0,448;0,584;0,735;0,825;0,936;0,972;0,995;0,998;1;1;1;1;1;1;1;1;1;1;1;1;1;1;1;1;1;0,055;0,028;0,015;0,007;0,003;0,003;0,001;0;0;0;0;0;0;0;0;0;0;0;0;0;0;0;0;0;1;1
"382";0,16;0,26;0,358;0,41;0,466;0,632;0,743;0,788;0,9;0,91;0,972;0,988;0,998;1;1;1;1;1;1;1;1;1;1;1;1;1;0,067;0,041;0,033;0,019;0,022;0,007;0,004;0;0;0;0;0;0;0;0;0;0;0;0;0;0;0;0;0;0;0
"383";0,187;0,274;0,358;0,49;0,581;0,75;0,852;0,934;0,969;0,997;1;1;1;1;1;1;1;1;1;1;1;1;1;1;1;1;0,069;0,044;0,038;0,012;0,015;0,006;0,004;0,002;0;0;0;0;0;0;0;0;0;0;0;0;0;0;0;0;0;0
"384";0,661;0,95;0,996;1;1;1;1;1;1;1;1;1;1;1;1;1;1;1;1;1;1;1;1;1;1;1;0,006;0;0;0;0;0;0;0;0;0;0;0;0;0;0;0;0;0;0;0;0;0;0;1;1;1
"385";0,657;0,944;0,997;1;1;1;1;1;1;1;1;1;1;1;1;1;1;1;1;1;1;1;1;1;1;1;0,008;0;0;0;0;0;0;0;0;0;0;0;0;0;0;0;0;0;0;0,884;1;1;1;1;1;1
"386";0,201;0,308;0,473;0,564;0,681;0,831;0,925;0,964;0,986;0,998;1;1;1;1;1;1;1;1;1;1;1;1;1;1;1;1;0,068;0,045;0,025;0,015;0,006;0,004;0,003;0;0;0;0;0;0;0;0;0;0;0;0;0;0;0;0;0;0;1
"387";0,117;0,143;0,128;0,153;0,165;0,194;0,249;0,27;0,295;0,345;0,467;0,589;0,695;0,774;0,822;0,905;0,958;0,98;0,991;0,998;1;1;1;1;1;1;0,098;0,076;0,08;0,095;0,064;0,051;0,04;0,032;0,017;0,026;0,012;0,004;0,004;0;0,001;0;0;0;0;0;0;0;0;0;0;0
"388";0,359;0,657;0,86;0,938;0,978;0,999;0,999;1;1;1;1;1;1;1;1;1;1;1;1;1;1;1;1;1;1;1;0,018;0,006;0,002;0;0;0;0;0;0;0;0;0;0;0;0;0;0;0;0;0;0;0;0;0;0;1
"389";0,24;0,37;0,574;0,692;0,805;0,903;0,967;0,988;0,996;0,999;1;1;1;1;1;1;1;1;1;1;1;1;1;1;1;1;0,048;0,038;0,012;0,01;0,005;0,001;0,001;0;0;0;0;0;0;0;0;0;0;0;0;0;0;0;0;0;0;0
"390";0,458;0,786;0,922;0,984;0,999;0,998;1;1;1;1;1;1;1;1;1;1;1;1;1;1;1;1;1;1;1;0;0,024;0,006;0,002;0;0;0;0;0;0;0;0;0;0;0;0;0;0;0;0;0;0;0;0;0;0;1
"391";0,19;0,293;0,438;0,509;0,632;0,803;0,916;0,961;0,993;0,995;1;1;1;1;1;1;1;1;1;1;1;1;1;1;1;1;0,056;0,05;0,013;0,012;0,007;0,001;0,001;0;0;0;0;0;0;0;0;0;0;0;0;0;0;0;0;0;0;1
"392";0,525;0,846;0,95;0,986;0,999;1;1;1;1;1;1;1;1;1;1;1;1;1;1;1;1;1;1;1;0;0;0,019;0,005;0;0,001;0;0;0;0;0;0;0;0;0;0;0;0;0;0;0;0;0;1;1;1;1;1
"393";0,197;0,268;0,36;0,478;0,536;0,691;0,839;0,882;0,94;0,97;0,995;1;1;1;1;1;1;1;1;1;1;1;1;1;1;1;0,072;0,039;0,035;0,019;0,016;0,003;0,001;0,001;0;0;0;0;0;0;0;0;0;0;0;0;0;0;0;0;0;0
"394";0,271;0,467;0,691;0,827;0,918;0,989;0,997;0,999;1;1;1;1;1;1;1;1;1;1;1;1;1;1;1;1;1;1;0,04;0,022;0,004;0;0;0;0;0;0;0;0;0;0;0;0;0;0;0;0;0;0;0;0;0;0;1
"395";0,19;0,3;0,444;0,58;0,726;0,863;0,936;0,986;0,992;0,997;1;1;1;1;1;1;1;1;1;1;1;1;1;1;1;1;0,07;0,033;0,024;0,014;0,008;0,001;0,002;0;0;0;0;0;0;0;0;0;0;0;0;0;0;0;0;0;0;0
"396";0,375;0,639;0,847;0,947;0,978;0,996;0,999;1;1;1;1;1;1;1;1;1;1;1;1;1;1;1;1;1;1;1;0,019;0,006;0,004;0;0,001;0;0;0;0;0;0;0;0;0;1;1;1;1;1;1;1;1;1;1;1;1
"397";0,445;0,748;0,926;0,97;0,989;1;1;1;1;1;1;1;1;1;1;1;1;1;1;1;1;1;1;1;1;0;0,016;0,002;0,001;0;0;0;0;0;0;0;0;0;0;0;0;0;0;0;0;0;0;0;1;1;1;1
"398";0,187;0,234;0,335;0,387;0,413;0,529;0,627;0,669;0,738;0,781;0,885;0,946;0,972;0,99;0,995;0,998;0,999;1;1;1;1;1;1;1;1;1;0,061;0,057;0,048;0,038;0,022;0,02;0,011;0,008;0,005;0,006;0;0,002;0;0;0;0;0;0;0;0;0;0;0;0;0;1
"399";0,124;0,13;0,169;0,167;0,184;0,234;0,28;0,306;0,361;0,399;0,507;0,574;0,657;0,747;0,832;0,864;0,915;0,933;0,962;0,981;0,988;0,996;1;1;1;1;0,09;0,066;0,059;0,047;0,04;0,024;0,023;0,024;0,015;0,008;0,002;0,003;0,002;0;0;0;0;0;0;0;0;0;0;0;0;0
"400";0,783;0,986;1;1;1;1;1;1;1;1;1;1;1;1;1;1;1;1;1;1;1;1;1;1;0,003;0;0;0;0;0;0;0;0;0;0;0;0;0;0;0;0;0;0;0;0;0;0;1;1;1;1;1
"401";1;1;1;1;1;1;1;1;1;1;1;1;1;1;1;1;1;0,385;0,589;0,002;0,007;0;0;0;0;0;0;0;0;0;0;0;0;0;0;0;0;0;0;0;1;1;1;1;1;1;1;1;1;1;1;1
"402";0,242;0,317;0,431;0,533;0,598;0,731;0,821;0,865;0,91;0,928;0,981;0,996;0,997;0,998;1;1;1;1;1;1;1;1;1;1;0;0;0,038;0,032;0,019;0,01;0,006;0,002;0,004;0,001;0;0;0;0;0;0;0;0;0;0;0;0;0;0;0;0;1;1
"403";0,173;0,303;0,39;0,514;0,591;0,696;0,825;0,896;0,93;0,961;0,99;0,997;0,999;1;1;1;1;1;1;1;1;1;1;1;1;0,949;0,054;0,035;0,03;0,023;0,011;0,009;0,004;0,002;0,002;0;0;0;0;0;0;0;0;0;0;0;0;0;0;0;1;1
"404";0,439;0,713;0,878;0,948;0,975;0,995;1;1;1;1;1;1;1;1;1;1;1;1;1;1;1;1;1;1;0,16;0;0,027;0,01;0;0,001;0;0;0;0;0;0;0;0;0;0;0;0;0;0;0;0;0;0;1;1;1;1
"405";0,511;0,857;0,965;0,992;0,998;1;1;1;1;1;1;1;1;1;1;1;1;1;1;1;1;1;1;1;1;1;0,022;0,001;0;0;0;0;0;0;0;0;0;0;0;0;0;0;0;1;1;1;1;1;1;1;1;1
"406";NA;NA;NA;NA;NA;NA;NA;NA;NA;NA;NA;NA;NA;NA;NA;NA;NA;NA;NA;NA;NA;NA;NA;NA;NA;NA;NA;NA;NA;NA;NA;NA;NA;NA;NA;NA;NA;NA;NA;NA;NA;NA;NA;NA;NA;NA;NA;NA;NA;NA;NA;NA
"407";0,22;0,317;0,432;0,537;0,639;0,746;0,861;0,911;0,947;0,97;0,99;0,999;1;1;1;1;1;1;1;1;1;1;1;1;1;0;0,051;0,039;0,026;0,021;0,016;0,006;0,002;0;0;0;0;0;0;0;0;0;0;0;0;0;0;0;0;0;0;1
"408";0,362;0,731;0,928;0,978;0,999;1;1;1;1;1;1;1;1;1;1;1;1;1;1;1;1;1;1;1;1;1;0,022;0,006;0,001;0,002;0;0;0;0;0;0;0;0;0;0;0;0;0;0;0;0;0;0;0;0;0;1
"409";NA;NA;NA;NA;NA;NA;NA;NA;NA;NA;NA;NA;NA;NA;NA;NA;NA;NA;NA;NA;NA;NA;NA;NA;NA;NA;NA;NA;NA;NA;NA;NA;NA;NA;NA;NA;NA;NA;NA;NA;NA;NA;NA;NA;NA;NA;NA;NA;NA;NA;NA;NA
"410";0,473;0,779;0,941;0,988;0,995;1;1;1;1;1;1;1;1;1;1;1;1;1;1;1;1;1;1;1;0;0;0,017;0,005;0;0;0;0;0;0;0;0;0;0;0;0;0;0;0;0;0;0;0;0;0;0;1;1
"411";1;1;1;1;1;1;1;1;1;1;1;1;1;1;1;1;1;1;1;1;0;0;0;0;0;0;0;0;0;0;0;0;0;0;0;0;0;0;0;0;1;1;1;1;1;1;1;1;1;1;1;1
"412";0,22;0,39;0,535;0,698;0,815;0,914;0,973;0,995;1;1;1;1;1;1;1;1;1;1;1;1;1;1;1;1;1;1;0,043;0,023;0,012;0,007;0,003;0,001;0,002;0;0;0;0;0;0;0;0;0;0;0;0;0;0;0;0;0;0;1
"413";0,502;0,853;0,975;0,995;0,998;1;1;1;1;1;1;1;1;1;1;1;1;1;1;1;1;1;1;1;1;1;0,011;0,002;0;0;0;0;0;0;0;0;0;0;0;0;0;0;0;0;0;0;0;0;0;0;0;1
"414";NA;NA;NA;NA;NA;NA;NA;NA;NA;NA;NA;NA;NA;NA;NA;NA;NA;NA;NA;NA;NA;NA;NA;NA;NA;NA;NA;NA;NA;NA;NA;NA;NA;NA;NA;NA;NA;NA;NA;NA;NA;NA;NA;NA;NA;NA;NA;NA;NA;NA;NA;NA
"415";0,357;0,645;0,807;0,917;0,96;0,993;0,999;1;1;1;1;1;1;1;1;1;1;1;1;1;1;1;1;1;1;1;0,022;0,006;0,005;0;0,001;0;0;0;0;0;0;0;0;0;0;0;0;0;0;0;0;0;0;0;1;1
"416";NA;NA;NA;NA;NA;NA;NA;NA;NA;NA;NA;NA;NA;NA;NA;NA;NA;NA;NA;NA;NA;NA;NA;NA;NA;NA;NA;NA;NA;NA;NA;NA;NA;NA;NA;NA;NA;NA;NA;NA;NA;NA;NA;NA;NA;NA;NA;NA;NA;NA;NA;NA
"417";0,202;0,275;0,327;0,418;0,482;0,605;0,661;0,725;0,77;0,855;0,928;0,958;0,977;0,993;0,995;0,999;1;1;1;1;1;1;1;1;1;0;0,068;0,067;0,037;0,025;0,018;0,015;0,011;0,005;0,002;0,004;0,001;0,001;0;0;0;0;0;0;0;0;0;0;0;0;0;1
"418";0,27;0,499;0,666;0,799;0,906;0,968;0,992;0,999;1;1;1;1;1;1;1;1;1;1;1;1;1;1;1;1;1;1;0,047;0,018;0,008;0,003;0,001;0,001;0;0;0;0;0;0;0;0;0;0;0;0;0;0;0;0;0;0;1;1
"419";0,432;0,671;0,857;0,949;0,956;0,992;0,997;1;1;1;1;1;1;1;1;1;1;1;1;1;1;1;1;1;0;0;0,027;0,009;0,002;0;0,001;0;0;0;0;0;0;0;0;0;0;0;0;0;0;0;0;0;0;1;1;1
"420";1;1;1;1;1;1;1;1;1;1;1;1;1;1;1;1;1;1;1;1;0;0;0;0;0;0;0;0;0;0;0;0;0;0;0;0;0;0;0;0;0;0;0;0;0;1;1;1;1;1;1;1
"421";0,122;0,186;0,194;0,236;0,303;0,339;0,392;0,439;0,488;0,515;0,646;0,701;0,772;0,856;0,892;0,928;0,942;0,971;0,982;0,991;0,997;0,999;1;1;1;1;0,086;0,074;0,052;0,055;0,043;0,022;0,014;0,013;0,008;0,003;0,002;0;0;0;0;0;0;0;0;0;0;0;0;0;0;0
"422";0,198;0,278;0,373;0,467;0,56;0,687;0,804;0,881;0,916;0,966;0,99;0,996;0,999;1;1;1;1;1;1;1;1;1;1;1;1;1;0,07;0,044;0,037;0,025;0,02;0,007;0,003;0,002;0,002;0;0;0;0;0;0;0;0;0;0;0;0;0;0;0;0;0
"423";0,993;0,998;1;1;1;1;1;1;1;1;0;0;0;0;0;0;0;0;0;0;0;0;0;0;0;0;0;0;0;0;0;0;0;0;0;0;1;1;1;1;1;1;1;1;1;1;1;1;1;1;1;1
"424";0,305;0,543;0,71;0,845;0,918;0,976;1;1;1;1;1;1;1;1;1;1;1;1;1;1;1;1;1;1;1;0;0,032;0,016;0,003;0;0,001;0,001;0;0;0;0;0;0;0;0;0;0;0;0;0;0;0;0;0;0;1;1
"425";0,303;0,516;0,683;0,787;0,887;0,96;0,987;0,995;0,998;1;1;1;1;1;1;1;1;1;1;1;1;1;1;1;1;0;0,041;0,021;0,003;0,004;0,001;0;0;0;0;0;0;0;0;0;0;0;0;0;0;0;0;0;0;0;1;1
"426";0,327;0,513;0,692;0,798;0,886;0,956;0,977;0,997;0,997;0,999;1;1;1;1;1;1;1;1;1;1;1;1;1;1;1;0,945;0,044;0,014;0,008;0,003;0,007;0,003;0;0;0;0;0;0;0;0;0;0;0;0;0;0;0;0;1;1;1;1
"427";0,458;0,803;0,936;0,989;0,995;1;1;1;1;1;1;1;1;1;1;1;1;1;1;1;1;1;1;1;1;0;0,008;0,004;0,001;0;0;0;0;0;0;0;0;0;0;0;0;0;0;0;0;0;0;0;1;1;1;1
"428";0,452;0,74;0,872;0,929;0,969;0,995;0,997;1;1;1;1;1;1;1;1;1;1;1;1;1;1;1;0;0;0;0;0,027;0,009;0,002;0;0;0;0;0;0;0;0;0;0;0;0;0;0;0;0;0;0;0;1;1;1;1
"429";0,848;0,977;0,996;1;1;1;1;1;1;1;1;1;1;1;1;1;1;1;1;1;1;1;1;1;0;0;0,005;0,003;0,002;0,001;0;0;0;0;0;0;0;0;0;0;0;1;1;1;1;1;1;1;1;1;1;1
"430";1;1;1;1;1;1;1;1;1;1;0;0;0;0;0;0;0;0;0;0;0;0;0;0;0;0;0;0;0;0;0;0;0;0;0;1;1;1;1;1;1;1;1;1;1;1;1;1;1;1;1;1
"431";0,324;0,504;0,684;0,763;0,824;0,909;0,962;0,977;0,993;0,998;1;0,998;1;1;1;1;1;1;1;1;1;1;1;0;0;0;0,04;0,024;0,008;0,006;0,003;0,001;0,001;0;0;0;0;0;0;0;0;0;0;0;0;0;0;0;0;1;1;1
"432";0,299;0,416;0,563;0,603;0,687;0,783;0,833;0,896;0,899;0,927;0,955;0,982;0,985;0,999;1;1;1;1;1;1;1;0;0;0;0;0;0,033;0,02;0,01;0,003;0;0,002;0;0;0;0,001;0;0;0;0;0;0;0;0;0;0;0;1;1;1;1;1
"433";0,556;0,728;0,812;0,885;0,902;0,951;0,968;0,985;0,992;0,998;1;1;1;1;1;1;0;0;0;0;0;0;0;0;0;0;0,004;0,004;0,001;0;0;0;0;0;0;0;0;0;0;0;0;0;1;1;1;1;1;1;1;1;1;1
"434";0,365;0,65;0,876;0,963;0,988;0,998;1;1;1;1;1;1;1;1;1;1;1;1;1;1;1;1;1;1;1;1;0,028;0,004;0,001;0,001;0;0;0;0;0;0;0;0;0;0;0;0;0;0;0;0;0;0;0;0;0;1
"435";0,177;0,242;0,366;0,435;0,534;0,689;0,81;0,871;0,945;0,977;0,994;1;1;1;1;1;1;1;1;1;1;1;1;1;1;1;0,069;0,057;0,027;0,022;0,024;0,009;0,002;0,003;0,001;0;0;0;0;0;0;0;0;0;0;0;0;0;0;0;0;0
