"";"0.01";"0.03";"0.05";"0.07";"0.09";"0.11";"0.13";"0.15";"0.2";"0.25";"0.3";"0.35";"0.4";"0.45";"0.5";"0.6";"0.7";"0.8";"0.9";"lengthRes"
"1";0,043;0,005;0;0;0;0;0;0;0;0;0;0;0;0;0;0;0;0;0;52
"2";0,008;0,001;0;0;0;0;0;0;0;0;0;0;0;0;0;0;0;0;1;20
"3";0,015;0;0;0;0;0;0;0;0;0;0;0;0;0;0;0;0;0;1;11
"4";0,021;0,002;0;0;0;0;0;0;0;0;0;0;0;0;0;0;0;0;0;19
"5";0,056;0,024;0,009;0,007;0,004;0,001;0,001;0,001;0;0;0;0;0;0;0;0;0;0;1;2
"6";0,002;0;0;0;0;0;0;0;0;0;0;0;0;0;0;0;1;1;1;23
"7";0,051;0,018;0,008;0,001;0;0;0,001;0;0;0;0;0;0;0;0;0;0;0;0;7
"8";0,016;0;0;0;0;0;0;0;0;0;0;0;0;0;0;0;0;0;0;38
"9";0;0;0;0;0;0;0;0;0;0;0;0;0;0;0;0;1;1;1;32
"10";0,011;0;0;0;0;0;0;0;0;0;0;0;0;0;0;0;1;1;1;3
"11";0,071;0,036;0,02;0,008;0,007;0,004;0;0,001;0;0;0;0;0;0;0;0;0;0;0;4
"12";0,021;0,005;0;0;0;0;0;0;0;0;0;0;0;0;0;0;0;1;1;2
"13";0,083;0,054;0,031;0,016;0,013;0,008;0,003;0,004;0,001;0,001;0;0;0;0;0;0;0;0;0;1
"14";0,037;0,006;0;0;0;0;0;0;0;0;0;0;0;0;0;0;0;0;0;15
"15";0,046;0,004;0,001;0;0;0;0;0;0;0;0;0;0;0;0;0;0;0;0;29
"16";0,015;0,001;0;0;0;0;0;0;0;0;0;0;0;0;0;0;1;1;1;3
"17";0,017;0,001;0;0;0;0;0;0;0;0;0;0;0;0;0;0;1;1;1;7
"18";0;0;0;0;0;0;0;0;0;0;0;0;0;0;0;0;1;1;1;27
"19";0,066;0,011;0,01;0;0;0;0;0;0;0;0;0;0;0;0;0;0;0;0;9
"20";0,023;0,003;0;0;0;0;0;0;0;0;0;0;0;0;0;0;0;0;0;15
"21";0,007;0;0;0;0;0;0;0;0;0;0;0;0;0;0;1;1;1;1;3
"22";0,033;0,006;0;0,001;0;0;0;0,001;0;0;0;0;0;0;0;0;0;0;1;8
"23";0,003;0;0;0;0;0;0;0;0;0;0;1;1;1;1;1;1;1;1;1
"24";0,012;0,001;0;0;0;0;0;0;0;0;0;0;0;0;0;0;0;0;1;18
"25";0,057;0,008;0,001;0;0,001;0;0;0;0;0;0;0;0;0;0;0;0;0;0;13
"26";0,048;0,018;0,008;0,001;0,002;0,001;0;0;0;0;0;0;0;0;0;0;0;0;1;4
"27";0,098;0,094;0,08;0,069;0,062;0,071;0,063;0,06;0,038;0,03;0,026;0,015;0,015;0,007;0,003;0,002;0,001;0;0;3
"28";0,008;0;0;0;0;0;0;0;0;0;0;0;0;0;0;0;0;0;1;34
"29";0,02;0,001;0;0;0;0;0;0;0;0;0;0;0;0;0;0;1;1;1;2
"30";0;0;0;0;0;0;0;0;0;0;0;0;0;0;0;0;1;1;1;48
"31";0,016;0,001;0;0;0;0;0;0;0;0;0;0;0;0;0;0;0;0;1;16
"32";0,009;0;0;0;0;0;0;0;0;0;0;0;0;0;0;0;1;1;1;9
"33";0,01;0;0;0;0;0;0;0;0;0;0;0;0;0;0;0;0;1;1;11
"34";0,004;0;0;0;0;0;0;0;0;0;0;0;0;0;0;0;1;1;1;12
"35";0,051;0,009;0,001;0,001;0,001;0;0;0;0;0;0;0;0;0;0;0;0;0;1;4
"36";0,08;0,05;0,024;0,013;0,009;0,002;0,006;0,001;0;0;0;0;0;0;0;0;0;0;0;15
"37";0,059;0,017;0,007;0;0;0;0;0;0;0;0;0;0;0;0;0;0;0;0;7
"38";0,014;0;0;0;0;0;0;0;0;0;0;0;0;0;0;0;0;1;1;5
"39";0,051;0,012;0;0,001;0;0;0;0;0;0;0;0;0;0;0;0;0;0;0;7
"40";0,042;0,009;0,003;0;0;0,001;0;0;0;0;0;0;0;0;0;0;0;0;0;8
"41";0,027;0,001;0;0;0;0;0;0;0;0;0;0;0;0;0;0;0;0;0;16
"42";0,009;0;0;0;0;0;0;0;0;0;0;0;0;1;1;1;1;1;1;36
"43";0,047;0,013;0,007;0,004;0,002;0,001;0,001;0,002;0;0,001;0;0;0;0;0;0;0;1;1;23
"44";0,019;0,002;0;0;0;0;0;0;0;0;0;0;0;0;0;0;0;0;1;23
"45";0,06;0,038;0,019;0,007;0,003;0,006;0,003;0,003;0,002;0;0;0;0;0;0;0;0;0;0;4
"46";0,068;0,044;0,016;0,012;0,005;0,001;0,002;0,001;0;0;0;0;0;0;0;0;0;0;0;16
"47";0,015;0,002;0,001;0,001;0;0;0;0,001;0;0;0;0;0;0;0;0;0;1;1;5
"48";0,062;0,009;0,009;0,001;0;0;0;0,001;0;0;0;0;0;0;0;0;0;0;1;3
"49";0,036;0,007;0,001;0,001;0,001;0;0;0;0;0;0;0;0;0;0;0;0;0;1;7
"50";0,026;0,004;0;0;0;0;0;0;0;0;0;0;0;0;0;0;1;1;1;1
"51";0,071;0,056;0,046;0,023;0,019;0,019;0,008;0,011;0,005;0;0;0;0;0;0;0;0;0;0;1
"52";0,044;0,012;0,004;0;0;0,001;0;0;0;0;0;0;0;0;0;0;0;1;1;2
"53";0,005;0;0;0;0;0;0;0;0;0;0;0;0;0;0;0;1;1;1;11
"54";0,081;0,024;0,011;0,006;0,002;0,007;0,002;0;0,002;0;0;0;0;0;0;0;0;0;1;13
"55";0,017;0;0;0;0;0;0;0;0;0;0;0;0;0;0;0;0;0;1;25
"56";0,049;0,021;0,002;0,002;0;0,001;0;0;0;0;0;0;0;0;0;0;0;0;1;1
"57";0,004;0;0;0;0;0;0;0;0;0;0;0;0;1;1;1;1;1;1;2
"58";0,059;0,021;0,01;0,006;0,006;0,002;0;0;0;0;0;0;0;0;0;0;0;0;1;1
"59";0,014;0,002;0;0;0;0;0;0;0;0;0;0;0;0;0;0;0;0;0,745;24
"60";0,009;0;0;0;0;0;0;0;0;0;0;0;0;0;0;0;1;1;1;7
"61";0,014;0,001;0;0,001;0;0;0;0;0;0;0;0;0;0;0;0;1;1;1;4
"62";0,023;0,001;0;0;0;0;0;0;0;0;0;0;0;0;0;0;0;1;1;3
"63";0,021;0,002;0;0;0;0;0;0;0;0;0;0;0;0;0;0;0;0;1;9
"64";NA;NA;NA;NA;NA;NA;NA;NA;NA;NA;NA;NA;NA;NA;NA;NA;NA;NA;NA;1
"65";0,051;0,012;0;0,001;0;0;0;0;0;0;0;0;0;0;0;0;0;1;1;1
"66";0,011;0;0;0;0;0;0;0;0;0;0;0;0;0;0;0;0;0;1;13
"67";NA;NA;NA;NA;NA;NA;NA;NA;NA;NA;NA;NA;NA;NA;NA;NA;NA;NA;NA;7
"68";0,075;0,029;0,011;0,011;0,004;0,005;0;0;0;0;0;0;0;0;0;0;0;0;0;6
"69";0,007;0;0;0;0;0;0;0;0;0;0;0;0;0;1;1;1;1;1;2
"70";0,037;0,002;0;0;0;0;0;0;0;0;0;0;0;0;0;0;0;0;0;19
"71";0,039;0,01;0,001;0;0;0;0;0;0;0;0;0;0;0;0;0;0;0;0;19
"72";0,054;0,025;0,006;0,001;0;0;0;0;0;0;0;0;0;0;0;0;0;0;0;7
"73";0,015;0;0;0;0;0;0;0;0;0;0;0;0;0;0;0;1;1;1;23
"74";0,039;0,003;0;0;0;0;0;0;0;0;0;0;0;0;0;0;0;0;1;25
"75";0,021;0,002;0;0;0;0;0;0;0;0;0;0;0;0;0;0;0;0;1;56
"76";0,006;0;0;0;0;0;0;0;0;0;0;0;0;0;0;1;1;1;1;2
"77";0,009;0;0;0;0;0;0;0;0;0;0;0;0;0;0;0;0;0;1;32
"78";0,031;0,005;0,003;0;0;0;0;0;0;0;0;0;0;0;0;0;0;0;1;15
"79";0,037;0,006;0;0;0;0;0;0;0;0;0;0;0;0;0;0;0;0;1;25
"80";0,003;0;0;0;0;0;0;0;0;0;0;0;0;0;0;0;0;1;1;80
"81";0,001;0;0;0;0;0;0;0;0;0;0;0;0;0;0;0;0;0;1;68
"82";0,037;0,008;0,002;0,001;0;0;0;0;0;0;0;0;0;0;0;0;1;1;1;32
"83";0,002;0;0;0;0;0;0;0;0;0;0;0;0;0;0;0;0;0;1;61
"84";0,003;0;0;0;0;0;0;0;0;0;0;0;0;0;0;0;0;0;1;47
"85";0,075;0,034;0,014;0,014;0,005;0,004;0,001;0;0;0,001;0,001;0;0;0;0;0;0;0;0;6
"86";0,02;0;0;0;0;0;0;0;0;0;0;0;0;0;0;0;0;0;0;64
"87";0,011;0;0;0;0;0;0;0;0;0;0;0;0;0;0;0;0;1;1;37
"88";0,005;0;0;0;0;0;0;0;0;0;0;0;0;0;0;0;0;0;1;52
"89";0,002;0;0;0;0;0;0;0;0;0;0;0;0;0;0;0;1;1;1;8
"90";0;0;0;0;0;0;0;0;0;1;1;1;1;1;1;1;1;1;1;58
"91";0,056;0,022;0,01;0,005;0,003;0;0;0,001;0;0;0;0;0;0;0;0;0;0;0;11
"92";0,047;0,007;0,003;0;0;0;0;0;0;0;0;0;0;0;0;0;0;0;0;15
"93";0,056;0,037;0,009;0,004;0;0;0;0;0;0;0;0;0;0;0;0;0;0;0;18
"94";0,018;0,001;0;0;0;0;0;0;0;0;0;0;0;0;0;0;0;0;1;16
"95";0;0;0;0;0;0;0;1;1;1;1;1;1;1;1;1;1;1;1;1
"96";0,044;0,005;0,002;0;0;0;0;0;0;0;0;0;0;0;0;0;1;1;1;9
"97";0,026;0,003;0;0;0;0;0;0;0;0;0;0;0;0;0;0;0;0;0;20
"98";0,026;0,007;0;0;0;0;0;0;0;0;0;0;0;0;0;0;0;0;1;13
"99";0,012;0;0;0;0;0;0;0;0;0;0;0;0;0;0;0;0;0;1;40
"100";0,005;0;0;0;0;0;0;0;0;0;0;0;0;0;0;0;0;1;1;9
"101";0;0;0;0;0;0;0;0;0;0;0;0;0;0;0;0;1;1;1;25
"102";0,001;0;0;0;0;0;0;1;1;1;1;1;1;1;1;1;1;1;1;9
"103";0;0;0;0;0;0;0;0;0;0;0;1;1;1;1;1;1;1;1;56
"104";0,001;0;0;0;0;0;0;0;0;0;0;0;0;0;0;0;1;1;1;27
"105";0;0;0;0;0;0;0;0;0;0;1;1;1;1;1;1;1;1;1;17
"106";0,043;0,008;0,002;0,001;0;0;0;0;0;0;0;0;0;0;0;0;0;0;0;9
"107";0,025;0,002;0,001;0,001;0;0;0;0;0;0;0;0;0;0;0;0;1;1;1;1
"108";0;0;0;0;0;0;0;0;0;1;1;1;1;1;1;1;1;1;1;49
"109";0,056;0,017;0,016;0,008;0,004;0,001;0,001;0;0;0,001;0;0;0;0;0;0;0;0;1;10
"110";0,019;0,003;0;0;0;0;0;0;0;0;0;0;0;0;0;0;0;0;1;11
"111";0;0;0;0;0;0;0;0;0;0;0;0;0;0;0;0;0;1;1;59
"112";0,01;0;0;0;0;0;0;0;0;0;0;0;0;0;0;0;0;0;1;29
"113";0;0;0;0;0;0;0;0;0;0;0;0;1;1;1;1;1;1;1;15
"114";0,008;0;0;0;0;0;0;0;0;0;0;0;0;0;0;1;1;1;1;24
"115";0,001;0;0;0;0;0;0;0;0;0;0;0;0;0;0;0;1;1;1;7
"116";0,008;0;0;0;0;0;0;0;0;0;0;0;0;0;0;0;0;1;1;15
"117";0,022;0,001;0;0;0;0;0;0;0;0;0;0;0;0;0;0;0;0;1;18
"118";0,026;0;0;0;0;0;0;0;0;0;0;0;0;0;0;0;0;0;1;12
"119";0,007;0;0;0;0;0;0;0;0;0;0;0;0;0;0;0;0;0;1;45
"120";0,01;0;0;0;0;0;0;0;0;0;0;0;0;0;0;0;0;0;1;33
"121";0,003;0;0;0;0;0;0;0;0;0;0;0;0;0;0;0;0;1;1;52
"122";0,051;0,01;0,007;0,003;0;0;0;0;0;0;0;0;0;0;0;0;0;0;1;10
"123";0,035;0,005;0,004;0,001;0;0;0;0;0;0;0;0;0;0;0;0;0;1;1;1
"124";0;0;0;0;0;0;0;0;0;0;0;0;0;0;0;0;1;1;1;90
"125";0,022;0;0;0;0;0;0;0;0;0;0;0;0;0;0;0;0;0;1;32
"126";0,026;0,002;0,002;0,001;0;0;0;0;0;0;0;0;0;0;0;0;0;0;1;54
"127";0,05;0,016;0,003;0;0;0;0;0;0;0;0;0;0;0;0;0;0;0;0;19
"128";0,005;0;0;0;0;0;0;0;0;0;0;0;0;0;0;0;0;0;1;56
"129";0,04;0,006;0,005;0,003;0,001;0;0;0;0;0;0;0;0;0;0;0;0;1;1;2
"130";0,013;0,001;0;0;0;0;0;0;0;0;0;0;0;0;0;0;0;0;1;63
"131";0,02;0,001;0;0;0;0;0;0;0;0;0;0;0;0;0;0;0;1;1;21
"132";0,04;0,004;0;0,001;0;0;0;0;0;0;0;0;0;0;0;0;0;0;1;21
"133";0,001;0;0;0;0;0;0;0;0;0;1;1;1;1;1;1;1;1;1;17
"134";0,061;0,025;0,008;0,002;0,002;0;0;0;0;0;0;0;0;0;0;0;0;0;0;14
"135";0,007;0;0;0;0;0;0;0;0;0;0;0;0;0;0;0;1;1;1;7
"136";0,022;0,009;0;0;0;0,001;0;0;0;0;0;0;0;0;0;0;0;1;1;3
"137";0,002;0;0;0;0;0;0;0;0;0;0;0;0;0;0;0;1;1;1;34
"138";0,057;0,01;0,005;0,001;0,002;0;0;0;0;0;0;0;0;0;0;0;0;0;1;4
"139";0,017;0,001;0;0;0;0;0;0;0;0;0;0;0;0;0;0;0;1;1;9
"140";0,006;0;0;0;0;0;0;0;0;0;0;0;0;0;0;0;0;0;1;32
"141";0,06;0,021;0,012;0,004;0,001;0;0;0;0;0;0;0;0;0;0;0;0;0;1;1
"142";0,005;0;0;0;0;0;0;0;0;0;0;0;0;0;0;0;0;0;1;51
"143";0,016;0;0;0;0;0;0;0;0;0;0;0;0;0;0;0;0;0;1;29
"144";0,032;0;0;0;0;0;0;0;0;0;0;0;0;0;0;0;0;0;1;30
"145";0,023;0,003;0;0;0;0;0;0;0;0;0;0;0;0;0;0;1;1;1;1
"146";0,057;0,022;0,008;0,002;0,004;0,003;0;0;0;0;0;0;0;0;0;0;0;0;0;4
"147";0,008;0;0;0;0;0;0;0;0;0;0;0;0;0;0;0;0;0;1;53
"148";0,016;0;0;0;0;0;0;0;0;0;0;0;0;0;0;0;0;1;1;57
"149";0;0;0;0;0;0;0;0;0;0;0;0;0;0;0,029;1;1;1;1;73
"150";0,07;0,035;0,012;0,011;0,004;0,002;0,001;0,001;0;0;0;0;0;0;0;0;0;0;1;2
"151";0,007;0;0;0;0;0;0;0;0;0;0;0;0;0;0;0;0;0;1;37
"152";0,01;0,001;0;0;0;0;0;0;0;0;0;0;0;0;0;1;1;1;1;15
"153";0,027;0,001;0;0;0;0;0;0;0;0;0;0;0;0;0;0;0;0;0;28
"154";0,044;0,014;0,004;0,005;0,001;0;0,001;0,001;0;0;0;0;0;0;0;0;0;0;1;11
"155";0,017;0;0;0;0;0;0;0;0;0;0;0;0;0;0;0;0;0;0;63
"156";0,022;0;0;0;0;0;0;0;0;0;0;0;0;0;0;0;0;0;0;48
"157";0,006;0;0;0;0;0;0;0;0;0;0;0;0;0;0;0;1;1;1;20
"158";0,002;0;0;0;0;0;0;0;0;0;0;0;0;0;0;0;0;1;1;40
"159";0,026;0,003;0,001;0;0;0;0;0;0;0;0;0;0;0;0;0;0;0;1;10
"160";0,038;0,011;0,006;0,003;0;0;0;0,001;0;0;0;0;0;0;0;0;0;0;1;2
"161";0,001;0;0;0;0;0;0;0;0;0;0;0;0;0;0;0;0;0;1;53
"162";0,027;0,003;0,002;0;0,001;0;0;0;0;0;0;0;0;0;0;0;0;1;1;6
"163";0,01;0,002;0;0;0;0;0;0;0;0;0;0;0;0;0;0;0;1;1;20
"164";0,042;0,019;0,008;0,003;0,002;0,001;0;0;0;0;0;0;0;0;0;0;0;1;1;3
"165";0,076;0,036;0,028;0,011;0,011;0,002;0,005;0,003;0,001;0,001;0;0;0;0;0;0;0;0;1;4
"166";0,006;0;0;0;0;0;0;0;0;0;0;0;0;0;0;0;0;0;1;38
"167";0;0;0;0;0;0;0;0;0;0;0;1;1;1;1;1;1;1;1;45
"168";0,002;0;0;0;0;0;0;0;0;0;0;0;0;0;0;0;0;1;1;53
"169";0,003;0;0;0;0;0;0;0;0;0;0;0;0;0;0;0;0;1;1;57
"170";0,006;0,001;0,001;0;0;0;0;0;0;0;0;0;0;0;0;0;0;1;1;20
"171";0;0;0;0;0;0;0;0;0;0;0;0;0;0;0;0;0;0;1;55
"172";0,014;0;0;0;0;0;0;0;0;0;0;0;0;0;0;0;0;0;1;36
"173";0,006;0;0;0;0;0;0;0;0;0;0;0;0;0;0;0;0;0;1;65
"174";0;0;0;0;0;0;0;0;0;1;1;1;1;1;1;1;1;1;1;44
"175";0,002;0;0;0;0;0;0;0;0;0;0;0;0;0;0;0;0;1;1;13
"176";NA;NA;NA;NA;NA;NA;NA;NA;NA;NA;NA;NA;NA;NA;NA;NA;NA;NA;NA;2
"177";0,012;0,001;0;0;0;0;0;0;0;0;0;0;0;0;0;0;0;0;1;25
"178";0,018;0,002;0;0;0;0;0;0;0;0;0;0;0;0;0;0;0;0;1;7
"179";0,026;0;0;0;0;0;0;0;0;0;0;0;0;0;0;0;0;0;0;20
"180";0;0;0;0;0;0;0;0;0;0;0;0;0;0;0;0;0;1;1;42
"181";0,001;0;0;0;0;0;0;0;0;0;0;0;0;0;0;0;0;0;1;55
"182";0,006;0;0;0;0;0;0;0;0;0;0;0;0;0;0;0;0;0;1;27
"183";0,006;0;0;0;0;0;0;0;0;0;0;0;0;0;0;0;0;0;1;48
"184";0,018;0;0;0;0;0;0;0;0;0;0;0;0;0;0;0;0;0;1;38
"185";0;0;0;0;0;0;0;0;0;0;0;0;0;0;0;0;0;1;1;146
"186";0,004;0;0;0;0;0;0;0;0;0;0;0;0;0;0;0;0;0;1;27
"187";0,002;0;0;0;0;0;0;0;0;0;0;1;1;1;1;1;1;1;1;25
"188";0,029;0,001;0;0;0;0;0;0;0;0;0;0;0;0;0;0;0;0;1;28
"189";0,006;0,001;0;0;0;0;0;0;0;0;0;0;0;0;0;0;0;0;1;33
"190";NA;NA;NA;NA;NA;NA;NA;NA;NA;NA;NA;NA;NA;NA;NA;NA;NA;NA;NA;24
"191";0,023;0;0;0;0;0;0;0;0;0;0;0;0;0;0;0;0;0;0;49
"192";0,008;0;0;0;0;0;0;0;0;0;0;0;0;0;0;0;0;0;1;45
"193";0;0;0;0;1;1;1;1;1;1;1;1;1;1;1;1;1;1;1;1
"194";0,001;0;0;0;0;0;0;0;0;0;0;0;0;1;1;1;1;1;1;35
"195";0,02;0,003;0;0;0;0;0;0;0;0;0;0;0;0;0;0;0;0;1;13
"196";0;0;0;0;0;0;0;0;0;0;0;0;0;0;0;1;1;1;1;14
"197";0,013;0;0;0;0;0;0;0;0;0;0;0;0;0;0;0;0;1;1;42
"198";0;0;0;0;0;0;0;0;0;0;0;0;0;0;0;0;0;1;1;102
"199";0,002;0;0;0;0;0;0;0;0;0;0;0;0;0;1;1;1;1;1;7
"200";0,024;0,001;0;0;0;0;0;0;0;0;0;0;0;0;0;0;0;0;1;19
"201";0,001;0;0;0;0;0;0;0;0;0;0;0;0;0;0;0;1;1;1;64
"202";0,04;0,008;0;0,001;0;0;0,002;0;0;0;0;0;0;0;0;0;0;0;1;3
"203";0,002;0;0;0;0;0;0;0;0;0;0;0;0;0;0;0;0;0;1;62
"204";0,001;0;0;0;0;1;1;1;1;1;1;1;1;1;1;1;1;1;1;48
"205";0,041;0,018;0,006;0,001;0;0;0;0;0;0;0;0;0;0;0;0;0;0;1;2
"206";0,055;0,017;0,007;0,006;0,002;0;0;0;0;0;0;0;0;0;0;0;0;0;1;2
"207";0,036;0,01;0,002;0;0;0;0;0;0;0;0;0;0;0;0;0;0;0;1;5
"208";0,041;0,003;0,002;0;0;0;0;0;0;0;0;0;0;0;0;0;0;0;1;2
"209";0,021;0;0;0;0;0;0;0;0;0;0;0;0;0;0;0;0;1;1;7
"210";0,03;0,002;0;0;0;0;0;0;0;0;0;0;0;0;0;0;0;0;1;7
"211";0,056;0,014;0,002;0,002;0,002;0;0;0;0;0;0;0;0;0;0;0;0;0;1;2
"212";0,079;0,03;0,019;0,002;0,003;0,001;0,002;0,002;0;0;0;0;0;0;0;0;0;0;1;3
"213";NA;NA;NA;NA;NA;NA;NA;NA;NA;NA;NA;NA;NA;NA;NA;NA;NA;NA;NA;1
"214";0,01;0;0;0;0;0;0;0;0;0;0;0;0;0;0;0;1;1;1;29
"215";0,085;0,059;0,047;0,031;0,014;0,01;0,003;0,007;0,004;0;0;0;0;0;0;0;0;0;0;1
"216";0,014;0;0;0;0;0;0;0;0;0;0;0;0;0;0;0;0;0;1;14
"217";0,036;0,011;0,003;0,001;0;0,001;0;0;0;0;0;0;0;0;0;0;0;0;1;4
"218";0,058;0,022;0,011;0,005;0,004;0,004;0;0;0;0;0;0;0;0;0;0;0;0;1;3
"219";0,063;0,027;0,015;0,003;0,001;0;0,002;0;0;0;0;0;0;0;0;0;0;0;0;3
"220";0,033;0,009;0,005;0;0;0;0;0;0;0;0;0;0;0;0;0;0;0;1;8
"221";0,003;0;0;0;0;0;0;0;0;0;0;0;0;0;0;0;0;1;1;40
"222";0,083;0,066;0,038;0,022;0,018;0,012;0,002;0,005;0,003;0,001;0;0;0;0;0;0;0;0;0;1
"223";0,002;0;0;0;0;0;0;0;0;0;0;0;0;0;0;1;1;1;1;4
"224";NA;NA;NA;NA;NA;NA;NA;NA;NA;NA;NA;NA;NA;NA;NA;NA;NA;NA;NA;1
"225";NA;NA;NA;NA;NA;NA;NA;NA;NA;NA;NA;NA;NA;NA;NA;NA;NA;NA;NA;4
"226";0,025;0,001;0;0;0;0;0;0;0;0;0;0;0;0;0;0;1;1;1;3
"227";0,006;0;0;0;0;0;0;0;0;0;0;0;0;0;0;0;0;1;1;8
"228";0,013;0;0;0;0;0;0;0;0;0;0;0;0;0;1;1;1;1;1;1
"229";0,02;0,004;0,001;0;0;0;0;0;0;0;0;0;0;0;0;0;0;0;1;15
"230";0,02;0;0;0;0;0;0;0;0;0;0;0;0;0;0;0;0;0;1;15
"231";0,004;0,001;0;0;0;0;0;0;0;0;0;0;0;0;1;1;1;1;1;2
"232";NA;NA;NA;NA;NA;NA;NA;NA;NA;NA;NA;NA;NA;NA;NA;NA;NA;NA;NA;1
"233";0,031;0,002;0;0;0;0;0;0;0;0;0;0;0;0;0;0;0;0;1;15
"234";0,088;0,042;0,019;0,005;0,006;0,001;0;0;0;0;0;0;0;0;0;0;0;0;0;1
"235";0,031;0,004;0;0;0;0;0;0;0;0;0;0;0;0;0;0;0;0;0;19
"236";0,001;0;0;0;0;0;0;0;0;0;0;0;0;0;0;0;0;1;1;46
"237";0,008;0;0;0;0;0;0;0;0;0;0;0;0;0;0;0;0;0;1;16
"238";0,033;0,003;0;0;0;0;0;0;0;0;0;0;0;0;0;0;0;1;1;13
"239";NA;NA;NA;NA;NA;NA;NA;NA;NA;NA;NA;NA;NA;NA;NA;NA;NA;NA;NA;1
"240";0,019;0;0;0;0;0;0;0;0;0;0;0;0;0;0;0;1;1;1;4
"241";0,045;0,004;0,002;0;0;0;0;0;0;0;0;0;0;0;0;0;1;1;1;1
"242";0,008;0;0;0;0;0;0;0;0;0;0;0;0;0;0;0;0;0;1;15
"243";0,012;0;0;0;0;0;0;0;0;0;0;0;0;0;1;1;1;1;1;2
"244";0,013;0,001;0;0;0;0;0;0;0;0;0;0;0;0;0;0;0;0;1;16
"245";0,041;0,005;0,002;0,001;0;0;0;0;0;0;0;0;0;0;0;0;0;1;1;2
"246";NA;NA;NA;NA;NA;NA;NA;NA;NA;NA;NA;NA;NA;NA;NA;NA;NA;NA;NA;2
"247";0,057;0,016;0,017;0,005;0,001;0;0;0;0;0;0;0;0;0;0;0;0;0;0;3
"248";0,065;0,017;0,007;0,006;0;0;0;0;0;0;0;0;0;0;0;0;0;0;0;15
"249";0,071;0,048;0,026;0,019;0,016;0,012;0,006;0,007;0,001;0,001;0;0;0;0;0;0;0;0;0;2
"250";0,087;0,048;0,034;0,013;0,007;0,007;0,004;0,002;0;0,001;0;0;0;0;0;0;0;0;0;9
"251";0,006;0;0;0;0;0;0;0;0;0;0;0;0;0;1;1;1;1;1;2
"252";0,069;0,047;0,038;0,017;0,011;0,008;0,004;0,009;0,002;0;0,001;0;0;0;0;0;0;0;0;7
"253";0,016;0;0;0;0;0;0;0;0;0;0;0;0;0;0;0;0;0;1;48
"254";0,076;0,041;0,027;0,014;0,006;0,004;0,004;0,002;0;0;0;0;0;0;0;0;0;0;0;1
"255";0,014;0,001;0;0;0;0;0;0;0;0;0;0;0;0;0;0;0;1;1;15
"256";0,077;0,048;0,032;0,021;0,017;0,017;0,002;0,003;0;0;0;0;0;0;0;0;0;0;0;7
"257";0,053;0,028;0,014;0,003;0,002;0;0;0;0;0;0;0;0;0;0;0;0;0;0;19
"258";0,021;0,001;0;0;0;0;0;0;0;0;0;0;0;0;0;0;0;0;0;50
"259";0,056;0,013;0,002;0,005;0,001;0,001;0;0;0;0;0;0;0;0;0;0;0;0;0;18
"260";0,049;0,014;0,008;0,001;0,001;0;0;0;0;0;0;0;0;0;0;0;0;0;1;4
"261";0,053;0,014;0,005;0,001;0;0;0;0;0;0;0;0;0;0;0;0;0;0;0;19
"262";0,058;0,02;0,002;0;0;0;0;0;0;0;0;0;0;0;0;0;0;0;0;43
"263";0,066;0,043;0,01;0,005;0,004;0,001;0;0;0;0;0;0;0;0;0;0;0;0;0;11
"264";0,06;0,015;0,003;0,002;0;0,001;0;0;0;0;0;0;0;0;0;0;0;0;0;20
"265";0,014;0;0,001;0;0;0;0;0;0;0;0;0;0;0;0;0;1;1;1;28
"266";0,095;0,032;0,016;0,011;0,003;0,003;0,001;0;0;0;0;0;0;0;0;0;0;0;0;9
"267";0,051;0,023;0,007;0,001;0,001;0;0;0;0;0;0;0;0;0;0;0;0;0;0;25
"268";0,053;0,012;0,003;0,001;0;0;0,001;0;0;0;0;0;0;0;0;0;0;1;1;12
"269";0,077;0,046;0,026;0,02;0,011;0,011;0,005;0,001;0,003;0;0,001;0;0;0;0;0;0;0;0;6
"270";0,094;0,043;0,026;0,013;0,006;0,004;0,003;0;0;0;0;0;0;0;0;0;0;0;0;8
"271";0,045;0,008;0,002;0;0;0;0;0;0;0;0;0;0;0;0;0;0;0;0;17
"272";0,048;0,015;0,002;0,003;0;0;0;0;0;0;0;0;0;0;0;0;0;0;0;17
"273";0,048;0,007;0,001;0,001;0;0;0;0;0;0;0;0;0;0;0;0;0;0;0;7
"274";0,068;0,038;0,025;0,013;0,005;0,003;0,003;0,001;0;0;0;0;0;0;0;0;0;0;0;10
"275";0,039;0,009;0;0,001;0;0;0;0;0;0;0;0;0;0;0;0;0;1;1;20
"276";0,065;0,039;0,022;0,014;0,002;0,003;0,001;0,002;0;0;0;0;0;0;0;0;0;0;0;7
"277";0,061;0,022;0,004;0,003;0,003;0;0;0;0;0;0;0;0;0;0;0;0;0;0;10
"278";0,044;0,01;0,002;0;0;0;0;0;0;0;0;0;0;0;0;0;0;0;0;20
"279";0,075;0,052;0,025;0,014;0,011;0;0,004;0,001;0,001;0;0;0;0;0;0;0;0;0;0;14
"280";0,035;0,006;0,001;0;0;0;0;0;0;0;0;0;0;0;1;1;1;1;1;17
"281";0,086;0,086;0,06;0,062;0,049;0,055;0,043;0,031;0,023;0,009;0,008;0,005;0,003;0;0;0;0;0;0;1
"282";0,068;0,039;0,016;0,008;0,005;0,003;0,004;0;0;0;0;0;0;0;0;0;0;0;0;6
"283";NA;NA;NA;NA;NA;NA;NA;NA;NA;NA;NA;NA;NA;NA;NA;NA;NA;NA;NA;5
"284";0,085;0,04;0,018;0,019;0,005;0,003;0,002;0,001;0;0;0;0;0;0;0;0;0;0;0;11
"285";0,063;0,028;0,003;0,001;0;0;0;0;0;0;0;0;0;0;0;0;0;0;0;34
"286";0,077;0,058;0,041;0,035;0,022;0,012;0,008;0,003;0,005;0,001;0,001;0;0;0;0;0;0;0;0;6
"287";0,042;0,006;0,003;0;0,001;0;0;0;0;0;0;0;0;0;0;0;0;0;1;11
"288";0,053;0,02;0,006;0,004;0,001;0;0;0,001;0;0;0;0;0;0;0;0;0;0;0;17
"289";0,064;0,038;0,014;0,004;0,002;0,001;0;0;0;0;0;0;0;0;0;0;0;0;0;20
"290";0,053;0,026;0,019;0,002;0,008;0,005;0;0,001;0;0,001;0,001;0;0;0;0;0;0;0;0;4
"291";0,069;0,047;0,019;0,015;0,008;0,002;0,001;0;0;0;0;0;0;0;0;0;0;0;0;18
"292";0,057;0,011;0,002;0;0;0;0;0;0;0;0;0;0;0;0;0;0;0;1;14
"293";0,064;0,029;0,016;0,006;0,001;0;0;0;0;0;0;0;0;0;0;0;0;0;0;26
"294";0,085;0,061;0,036;0,028;0,01;0,01;0,007;0,005;0,002;0;0;0;0;0;0;0;0;0;0;15
"295";0,001;0;0;0;0;0;0;0;0;0;0;0;0;0;0;1;1;1;1;54
"296";0,078;0,059;0,026;0,014;0,018;0,004;0,003;0,005;0;0,002;0;0,001;0;0;0;0;0;0;0;2
"297";0,051;0,02;0,006;0,003;0;0;0;0;0;0;0;0;0;0;0;0;0;0;0;39
"298";0,07;0,023;0,01;0,003;0,002;0,001;0,001;0;0;0;0;0;0;0;0;0;0;0;0;22
"299";0,071;0,025;0,015;0;0,001;0,002;0,001;0;0;0;0;0;0;0;0;0;0;0;0;30
"300";0,035;0;0;0;0;0;0;0;0;0;0;0;0;0;0;0;0;0;1;31
"301";0,065;0,052;0,039;0,026;0,018;0,01;0,007;0,008;0,003;0,002;0;0;0;0;0;0;0;0;0;4
"302";0,054;0,014;0,01;0,002;0,001;0;0;0;0;0;0;0;0;0;0;0;0;0;0;76
"303";0,074;0,041;0,031;0,02;0,015;0,002;0,004;0,003;0,002;0,001;0;0;0;0;0;0;0;0;0;5
"304";0,079;0,034;0,009;0,007;0,005;0,002;0,001;0;0;0;0;0;0;0;0;0;0;0;0;24
"305";0,085;0,081;0,049;0,05;0,034;0,027;0,023;0,011;0,01;0,002;0,003;0;0;0;0;0;0;0;0;6
"306";0,099;0,094;0,076;0,044;0,062;0,043;0,033;0,03;0,016;0,004;0,009;0,005;0,003;0,002;0;0;0;0;0;1
"307";0,102;0,075;0,061;0,039;0,033;0,03;0,036;0,025;0,02;0,008;0,009;0,005;0,001;0,001;0;0;0;0;0;2
"308";0,041;0,013;0,001;0;0;0;0;0;0;0;0;0;0;0;0;0;0;0;1;33
"309";0,057;0,01;0,001;0,001;0;0;0;0;0;0;0;0;0;0;0;0;0;0;0;24
"310";0,078;0,052;0,057;0,033;0,022;0,02;0,007;0,005;0,002;0,004;0;0,001;0;0;0;0;0;0;0;5
"311";0,097;0,035;0,021;0,008;0,012;0,003;0,004;0,003;0;0;0;0;0;0;0;0;0;0;0;7
"312";0;0;0;0;0;0;1;1;1;1;1;1;1;1;1;1;1;1;1;22
"313";0,07;0,054;0,025;0,016;0,007;0,004;0,005;0,001;0;0;0;0;0;0;0;0;0;0;0;13
"314";0,061;0,02;0,006;0,001;0;0,001;0;0;0;0;0;0;0;0;0;0;0;0;0;23
"315";0,091;0,081;0,073;0,061;0,047;0,054;0,043;0,035;0,02;0,013;0,01;0,004;0,001;0,004;0,001;0;0;0;0;2
"316";0,093;0,06;0,045;0,034;0,015;0,016;0,01;0,006;0,001;0;0;0,001;0;0;0;0;0;0;0;2
"317";0,074;0,056;0,023;0,007;0,005;0,003;0,001;0;0;0;0;0;0;0;0;0;0;0;0;13
"318";0,087;0,049;0,018;0,008;0,004;0,001;0,002;0,001;0;0;0;0;0;0;0;0;0;0;0;12
"319";0,044;0,018;0,004;0;0;0;0;0;0;0;0;0;0;0;0;0;0;0;0;43
"320";0,029;0,001;0;0;0;0;0;0;0;0;0;0;0;0;0;0;0;0;1;17
"321";0,083;0,061;0,05;0,038;0,017;0,013;0,017;0,009;0,004;0,002;0;0;0;0;0;0;0;0;0;2
"322";0;0;0;0;0;0;0;0;0;0;1;1;1;1;1;1;1;1;1;2
"323";0,046;0,007;0,002;0,001;0,001;0;0;0;0;0;0;0;0;0;0;0;0;1;1;18
"324";0,071;0,033;0,02;0,006;0,001;0,002;0,002;0;0;0;0;0;0;0;0;0;0;0;0;11
"325";0,092;0,084;0,066;0,049;0,028;0,032;0,016;0,016;0,015;0,008;0,004;0,001;0,001;0;0;0;0;0;0;4
"326";0,014;0,002;0;0;0;0;0;0;0;0;0;1;1;1;1;1;1;1;1;23
"327";0,064;0,038;0,015;0,012;0,002;0,001;0;0,001;0;0;0;0;0;0;0;0;0;0;0;11
"328";0,061;0,015;0,007;0;0,001;0;0;0;0;0;0;0;0;0;0;0;0;0;0;24
"329";0,007;0;0;0;0;0;0;0;0;0;0;0;0;0;0;0;1;1;1;28
"330";0,076;0,067;0,044;0,039;0,025;0,015;0,01;0,006;0,001;0,003;0;0;0;0;0;0;0;0;0;5
"331";0,073;0,061;0,039;0,032;0,023;0,012;0,006;0,005;0,004;0;0;0;0;0;0;0;0;0;0;5
"332";0,066;0,034;0,02;0,013;0,017;0,015;0,005;0,005;0,004;0,001;0;0;0;0;0;0;0;0;1;3
"333";0,083;0,037;0,025;0,008;0,005;0,004;0,002;0,003;0;0;0,002;0;0;0;0;0;0;0;0;10
"334";0,062;0,05;0,038;0,021;0,007;0,011;0,007;0,002;0,001;0;0,001;0;0;0;0;0;0;0;0;6
"335";0,056;0,033;0,002;0,002;0;0;0;0;0;0;0;0;0;0;0;0;0;0;0;22
"336";0;0;0;0;0;0;0;0;0;0;0;0;0;0;0;0;0;1;1;19
"337";0,007;0;0;0;0;0;0;0;0;0;0;0;0;0;0;0;1;1;1;11
"338";0,064;0,021;0,007;0,006;0,004;0,002;0,001;0,002;0;0;0;0;0;0;0;0;0;0;0;8
"339";0,083;0,047;0,021;0,019;0,006;0,01;0;0,003;0;0;0;0;0;0;0;0;0;0;0;11
"340";0,03;0,004;0;0;0;0;0;0;0;0;0;0;0;0;0;0;0;0;1;39
"341";0,066;0,041;0,018;0,011;0,006;0,009;0,003;0,001;0,001;0;0;0,001;0;0;0;0;0;0;0;7
"342";0,102;0,072;0,078;0,055;0,051;0,05;0,06;0,028;0,031;0,022;0,014;0,007;0,01;0,003;0;0;0;0;0;1
"343";0,07;0,03;0,026;0,008;0,005;0,002;0,001;0;0;0;0;0;0;0;0;0;0;0;0;9
"344";0,079;0,031;0,013;0,007;0,002;0,002;0;0;0;0;0;0;0;0;0;0;0;0;0;33
"345";0,076;0,068;0,032;0,027;0,017;0,016;0,008;0,006;0,004;0;0;0;0;0;0;0;0;0;0;6
"346";0,077;0,034;0,013;0,007;0,007;0;0,002;0;0;0;0;0;0;0;0;0;0;0;0;9
"347";0,016;0,002;0;0;0;0;0;0;0;0;0;0;0;0;0;0;0;0;1;32
"348";0,094;0,058;0,03;0,017;0,005;0,006;0,006;0,002;0;0;0;0;0;0;0;0;0;0;0;8
"349";0,069;0,023;0,012;0,003;0;0;0;0;0;0;0;0;0;0;0;0;0;0;0;32
"350";0,048;0,01;0,005;0,001;0;0;0;0;0;0;0;0;0;0;0;0;0;0;0;22
"351";0,011;0,001;0;0;0;0;0;0;0;0;0;0;0;0;0;0;0;1;1;19
"352";0,061;0,014;0,002;0,001;0,001;0;0;0;0;0;0;0;0;0;0;0;0;0;0;24
"353";0,086;0,037;0,017;0,012;0,007;0,008;0,006;0,003;0;0,001;0;0;0;0;0;0;0;0;0;6
"354";0,037;0,002;0;0;0;0;0;0;0;0;0;0;0;0;0;0;0;0;0;34
"355";0,047;0,021;0,005;0,002;0;0,001;0;0;0;0;0;0;0;0;0;0;0;0;1;9
"356";0,05;0,004;0;0;0;0;0;0;0;0;0;0;0;0;0;0;0;0;0;11
"357";0,049;0,009;0,006;0;0;0;0;0;0;0;0;0;0;0;0;0;0;0;0;21
"358";0,015;0,001;0;0;0;0;0;0;0;0;0;0;0;0;0;0;0;0;0;23
"359";0,05;0,017;0,003;0,003;0;0,001;0;0;0;0;0;0;0;0;0;0;0;0;0;12
"360";0,045;0,014;0,005;0,003;0;0;0;0;0;0;0;0;0;0;0;0;0;0;1;2
"361";0,031;0,003;0,001;0;0;0;0;0;0;0;0;0;0;0;0;0;0;0;1;27
"362";0,009;0;0;0;0;0;0;0;0;0;0;0;0;0;0;0;1;1;1;4
"363";0,079;0,06;0,033;0,027;0,025;0,009;0,009;0,007;0,004;0,003;0;0,001;0;0;0;0;0;0;0;3
"364";0,013;0;0;0;0;0;0;0;0;0;0;0;0;0;0;0;0;0;1;17
"365";0,032;0,007;0,002;0;0;0;0;0;0;0;0;0;0;0;0;0;1;1;1;14
"366";0,034;0,007;0,002;0,001;0;0;0;0;0;0;0;0;0;0;0;0;0;0;0;16
"367";0,041;0,005;0;0;0;0;0;0;0;0;0;0;0;0;0;0;0;0;0;15
"368";0,042;0,005;0;0,001;0;0;0;0;0;0;0;0;0;0;0;0;0;0;1;9
"369";0,033;0,002;0;0;0;0;0;0;0;0;0;0;0;0;0;0;0;1;1;32
"370";0,007;0;0;0;0;0;0;0;0;0;0;0;0;0;0;0;0;0;1;25
"371";0,035;0,001;0;0;0;0;0;0;0;0;0;0;0;0;0;0;0;0;0;13
"372";0,04;0,011;0,001;0;0;0;0;0;0;0;0;0;0;0;0;0;0;0;0;13
"373";0,026;0,002;0;0;0;0;0;0;0;0;0;0;0;0;0;0;0;1;1;13
"374";0,042;0,002;0,001;0;0;0;0;0;0;0;0;0;0;0;0;0;0;0;0;18
"375";0,002;0;0;0;0;0;0;0;0;0;0;0;0;0;0;0;0;0;1;34
"376";0,07;0,019;0,015;0,002;0,001;0;0;0;0;0;0;0;0;0;0;0;0;0;0;19
"377";0,05;0,002;0;0;0;0;0;0;0;0;0;0;0;0;0;0;0;0;0;29
"378";0,022;0;0;0;0;0;0;0;0;0;0;0;0;0;0;0;0;0;0;35
"379";0;0;0;0;0;0;0;0;0;0;0;0;0;0;0;1;1;1;1;10
"380";0,023;0,006;0,002;0,001;0,002;0;0;0;0;0;0;0;0;0;0;1;1;1;1;6
"381";0,044;0,01;0,003;0,001;0;0;0;0;0;0;0;0;0;0;0;0;0;0;1;23
"382";0,061;0,028;0,014;0,002;0,003;0;0,001;0,002;0;0;0;0;0;0;0;0;0;0;0;4
"383";0,078;0,035;0,015;0,003;0,001;0;0;0;0;0;0;0;0;0;0;0;0;0;0;25
"384";0,007;0;0;0;0;0;0;0;0;0;0;0;0;0;0;0;0;0;1;29
"385";0,006;0;0;0;0;0;0;0;0;0;0;0;0;0;0;0;1;1;1;48
"386";0,049;0,027;0,009;0,005;0,002;0,001;0;0;0;0;0;0;0;0;0;0;0;0;0;13
"387";0,089;0,055;0,057;0,039;0,041;0,034;0,028;0,026;0,014;0,006;0,003;0,002;0;0,001;0;0;0;0;0;10
"388";0,037;0,002;0,001;0;0;0;0;0;0;0;0;0;0;0;0;0;0;0;0;24
"389";0,048;0,013;0,004;0,001;0,002;0;0;0;0;0;0;0;0;0;0;0;0;0;0;9
"390";0,019;0,001;0;0;0;0;0;0;0;0;0;0;0;0;0;0;0;0;0;16
"391";0,05;0,022;0,007;0;0,001;0,001;0;0;0;0;0;0;0;0;0;0;0;0;0;23
"392";0,02;0,001;0;0;0;0;0;0;0;0;0;0;0;0;0;0;0;1;1;16
"393";0,072;0,022;0,015;0,007;0,004;0,001;0,002;0;0;0;0;0;0;0;0;0;0;0;0;9
"394";0,042;0,006;0;0;0;0;0;0;0;0;0;0;0;0;0;0;0;0;0;29
"395";0,056;0,019;0,008;0,002;0,002;0;0;0;0;0;0;0;0;0;0;0;0;0;0;21
"396";0,03;0,004;0;0;0;0;0;0;0;0;0;0;1;1;1;1;1;1;1;20
"397";0,021;0,001;0;0;0;0;0;0;0;0;0;0;0;0;0;0;0;1;1;11
"398";0,073;0,037;0,022;0,019;0,007;0,005;0,004;0,005;0,002;0,001;0;0;0;0;0;0;0;0;0;2
"399";0,081;0,08;0,055;0,047;0,02;0,013;0,005;0,006;0,005;0;0;0;0;0;0;0;0;0;0;1
"400";0,001;0;0;0;0;0;0;0;0;0;0;0;0;0;0;0;0;1;1;17
"401";0;0;0;0;0;0;0;0;0;0;0;0;1;1;1;1;1;1;1;16
"402";0,045;0,021;0;0,004;0,001;0;0;0;0;0;0;0;0;0;0;0;0;0;1;3
"403";0,061;0,024;0,013;0,005;0,003;0;0;0;0;0;0;0;0;0;0;0;0;0;1;6
"404";0,016;0,001;0;0;0;0;0;0;0;0;0;0;0;0;0;0;0;1;1;6
"405";0,015;0;0;0;0;0;0;0;0;0;0;0;0;0;0;1;1;1;1;40
"406";NA;NA;NA;NA;NA;NA;NA;NA;NA;NA;NA;NA;NA;NA;NA;NA;NA;NA;NA;3
"407";0,058;0,022;0,014;0,005;0,002;0,002;0;0,002;0;0;0;0;0;0;0;0;0;0;0;4
"408";0,025;0;0;0;0;0;0;0;0;0;0;0;0;0;0;0;0;0;0;34
"409";NA;NA;NA;NA;NA;NA;NA;NA;NA;NA;NA;NA;NA;NA;NA;NA;NA;NA;NA;3
"410";0,015;0;0;0;0;0;0;0;0;0;0;0;0;0;0;0;0;0;1;17
"411";0;0;0;0;0;0;0;0;0;0;0;0;1;1;1;1;1;1;1;46
"412";0,054;0,014;0,005;0,003;0;0;0;0;0;0;0;0;0;0;0;0;0;0;0;15
"413";0,013;0;0;0;0;0;0;0;0;0;0;0;0;0;0;0;0;0;0;40
"414";NA;NA;NA;NA;NA;NA;NA;NA;NA;NA;NA;NA;NA;NA;NA;NA;NA;NA;NA;2
"415";0,031;0,003;0;0;0;0;0;0;0;0;0;0;0;0;0;0;0;0;1;14
"416";NA;NA;NA;NA;NA;NA;NA;NA;NA;NA;NA;NA;NA;NA;NA;NA;NA;NA;NA;3
"417";0,072;0,038;0,017;0,009;0,01;0,001;0,003;0,001;0;0,001;0;0;0;0;0;0;0;0;0;2
"418";0,042;0,005;0,001;0,001;0;0;0;0;0;0;0;0;0;0;0;0;0;0;1;13
"419";0,024;0,004;0;0;0;0;0;0;0;0;0;0;0;0;0;0;0;0;1;6
"420";0;0;0;0;0;0;0;0;0;0;0;0;0;0;0;0;1;1;1;26
"421";0,078;0,049;0,037;0,026;0,009;0,014;0,005;0,004;0,002;0;0;0,001;0;0;0;0;0;0;0;1
"422";0,073;0,036;0,02;0,01;0,004;0;0,002;0;0,001;0;0;0;0;0;0;0;0;0;0;5
"423";0;0;0;0;0;0;0;0;1;1;1;1;1;1;1;1;1;1;1;2
"424";0,035;0,006;0,001;0;0;0;0;0;0;0;0;0;0;0;0;0;0;0;1;9
"425";0,04;0,008;0,001;0;0;0;0;0;0;0;0;0;0;0;0;0;0;0;1;7
"426";0,048;0,009;0,002;0,001;0,001;0;0;0;0;0;0;0;0;0;0;0;0;1;1;7
"427";0,013;0;0;0;0;0;0;0;0;0;0;0;0;0;0;0;0;1;1;12
"428";0,012;0,003;0;0;0;0;0;0;0;0;0;0;0;0;0;0;0;1;1;4
"429";0,003;0;0;0;0;0;0;0;0;0;0;0;0;1;1;1;1;1;1;7
"430";0;0;0;0;0;0;0;1;1;1;1;1;1;1;1;1;1;1;1;9
"431";0,042;0,01;0,005;0,001;0;0;0;0;0;0;0;0;0;0;0;0;0;0;1;3
"432";0,047;0,01;0,001;0,001;0;0,001;0;0;0;0;0;0;0;0;0;0;0;1;1;1
"433";0,011;0,002;0;0;0;0;0;0;0;0;0;0;0;0;1;1;1;1;1;1
"434";0,038;0,004;0;0;0;0;0;0;0;0;0;0;0;0;0;0;0;0;0;35
"435";0,079;0,032;0,022;0,009;0,005;0,002;0,001;0,002;0;0;0;0;0;0;0;0;0;0;0;11
